capacity_gen_ai,creativity_gen_ai,learning_rate_customer,learning_rate_gen_ai,num_customers,num_products,num_retailers,percentage_willing_to_share_info,purchase_threshold,total_steps,LowSatisfaction,MediumSatisfaction,HighSatisfaction,Sales,Sales (Willing),Sales (Unwilling),Sold Products,Sold Products (Willing),Sold Products (Unwilling),Average Seller Rating,Average Satisfaction,Willing to Share Customers,Unwilling to Share Customers,Number of Products,mean_viewed_comments,mean_purchase_position,creativity_gen_ai.1,AIC Quartic (Sum),AIC Quartic (Minimum)
0,0,1,0,10,100,20,0,1.5,100,0,0,10,171.86771876446787,0,171.86771876446787,58,0,58,4.374906343251217,5.0,0,10,100,3.0,4.4,0.0,-433.38890647409033,-527.0294656004887
0,0,2,0,10,100,20,0,1.5,100,2,0,8,94.44716080297944,0,94.44716080297944,48,0,48,4.49994867450421,4.132,0,10,100,3.0,30.496666666666663,0.0,-414.6647061179347,-458.8453109879569
0,0,2,0,25,100,20,0,1.5,100,10,1,14,109.31635260492888,0,109.31635260492888,89,0,89,4.352601557177964,2.965800271204181,0,25,100,3.0,38.81333333333333,0.0,-20.590682737145546,-377.6005379435201
0,0,1,0,25,100,20,0,1.5,100,23,0,2,9.280228143735588,0,9.280228143735588,19,0,19,0.0246260897213967,0.3941467553647351,0,25,100,3.0,74.57666666666665,0.0,-48.419506626608126,-1032.2215022743524
0,0,2,0,50,100,20,0,1.5,100,11,2,37,429.8289801157212,0,429.8289801157212,227,0,227,3.342300135850053,3.806520616473682,0,50,100,3.0,44.28833333333334,0.0,-71.33025196598624,-192.5575734304278
0,0,1,0,50,100,20,0,1.5,100,21,10,19,368.608260036578,0,368.608260036578,167,0,167,3.2590000000000026,2.5446638281446297,0,50,100,3.0,46.64966666666666,0.0,-76.18365504628457,-91.78499382200984
0,0,2,0,100,100,20,0,1.5,100,96,0,4,62.23114785642091,0,62.23114785642091,43,0,43,0.4920000000000016,0.2201003373705973,0,100,100,3.0,71.82083333333333,0.0,-44.08326235400267,-64.59781552105298
0,0,1,0,100,100,20,0,1.5,100,95,2,3,38.309137450218806,0,38.309137450218806,34,0,34,1.0780687613641622,0.2587952626269067,0,100,100,3.0,76.48583333333333,0.0,-19.555997901540596,-44.30209693794501
0,0,1,0,200,100,20,0,1.5,100,197,1,2,59.44156580541589,0,59.44156580541589,78,0,78,0.6956660879925844,0.0763531385611821,0,200,100,3.0,75.23774999999999,0.0,-247.14683218820784,-268.42451533701507
0,0,1,0,500,100,20,0,1.5,100,62,32,406,3246.500533866876,0,3246.500533866876,2237,0,2237,4.756931917227977,4.274596045421037,0,500,100,3.0,21.0807,0.0,-19596.83829845795,-20766.7660432378
0,0,4,0,10,100,20,0,1.5,100,8,0,2,2.976434540691747,0,2.976434540691747,3,0,3,0.1901866325683172,1.068161311080198,0,10,100,3.0,63.5,0.0,-28.54851367219726,-378.75437068915807
0,0,3,0,10,100,20,0,1.5,100,7,2,1,15.475460397788952,0,15.475460397788952,14,0,14,0.3469058354799986,1.0761539168772671,0,10,100,3.0,58.16666666666667,0.0,-273.4190756443066,-342.3762433889916
0,0,3,0,25,100,20,0,1.5,100,4,3,18,216.1823872651791,0,216.1823872651791,108,0,108,4.69966702870552,4.113724880231103,0,25,100,3.0,29.58,0.0,-62.95357252976143,-317.8827466699801
0,0,4,0,25,100,20,0,1.5,100,25,0,0,10.97264016959847,0,10.97264016959847,19,0,19,0.0532878706363632,0.0255449445229108,0,25,100,3.0,69.89333333333335,0.0,-268.9688570901213,-469.07927501609015
0,0,3,0,50,100,20,0,1.5,100,18,4,28,412.99639921546185,0,412.99639921546185,196,0,196,4.070964360322118,3.045985492843636,0,50,100,3.0,36.925,0.0,2.339562456574967,-56.00391344373844
0,0,3,0,100,100,20,0,1.5,100,32,7,61,837.6227979120671,0,837.6227979120671,366,0,366,3.9790385133408166,3.3326507648631707,0,100,100,3.0,34.772166666666664,0.0,-102.76249896918716,-128.3907583632086
0,0,3,0,200,100,20,0,1.5,100,43,28,129,1488.625088436115,0,1488.625088436115,873,0,873,3.167066830149257,3.727942503414641,0,200,100,3.0,36.14333333333334,0.0,-370.9263285084843,-427.0762107802101
0,0,2,0,200,100,20,0,1.5,100,180,8,12,237.8586348566521,0,237.8586348566521,134,0,134,0.75315752190582,0.4995786988132354,0,200,100,3.0,67.67891666666667,0.0,26.536680278889666,-126.66908706646552
0,0,2,0,500,100,20,0,1.5,100,136,50,314,3312.697739944905,0,3312.697739944905,2094,0,2094,4.026753029319119,3.543797903788489,0,500,100,3.0,31.258166666666668,0.0,-791.1531940823193,-830.8385592981631
0,0,3,0,500,100,20,0,1.5,100,465,15,20,419.8994341331264,0,419.8994341331264,259,0,259,1.8070915637286125,0.3234089970099853,0,500,100,3.0,68.50996666666667,0.0,-34.185054756291606,-387.8516517984825
0,0,5,0,10,100,20,0,1.5,100,8,0,2,27.143193982057667,0,27.143193982057667,14,0,14,0.2037218150541007,1.0,0,10,100,3.0,69.05,0.0,-298.92954615164814,-409.6492083996032
0,0,5,0,25,100,20,0,1.5,100,13,1,11,104.86646895303372,0,104.86646895303372,78,0,78,3.5983104594543933,2.352877592847203,0,25,100,3.0,50.004,0.0,-15.250303273085764,-119.48384284634062
0,0,5,0,50,100,20,0,1.5,100,31,5,14,270.1084443539091,0,270.1084443539091,128,0,128,3.00815378650868,1.760849486741793,0,50,100,3.0,55.22433333333334,0.0,-5.807429983534149,-52.25934303503951
0,0,4,0,50,100,20,0,1.5,100,19,3,28,274.9849043158943,0,274.9849043158943,175,0,175,3.880647523238852,3.044212548317085,0,50,100,3.0,40.69133333333333,0.0,-9.114344801512331,-45.11868843074464
0,0,5,0,100,100,20,0,1.5,100,39,7,54,831.5677727476348,0,831.5677727476348,433,0,433,3.784977902897958,3.1431633774028023,0,100,100,3.0,39.35416666666666,0.0,-86.85893686955725,-114.54904493755684
0,0,4,0,100,100,20,0,1.5,100,100,0,0,7.03418952577926,0,7.03418952577926,5,0,5,0.0,0.0,0,100,100,3.0,78.18,0.0,-inf,-inf
0,0,5,0,200,100,20,0,1.5,100,45,5,150,1142.0768801504153,0,1142.0768801504153,800,0,800,4.061202137995649,3.878946943984885,0,200,100,3.0,31.158166666666663,0.0,-188.1085907470845,-583.725912698345
0,0,4,0,200,100,20,0,1.5,100,196,2,2,130.33814084588593,0,130.33814084588593,79,0,79,0.2556550024727565,0.1008371837724697,0,200,100,3.0,75.72191666666667,0.0,-121.0638691362937,-164.87799185984295
0,0,4,0,500,100,20,0,1.5,100,382,20,98,1726.2114540980144,0,1726.2114540980144,724,0,724,1.9810000000000003,1.180422721667089,0,500,100,3.0,60.11853333333333,0.0,97.53237964420543,-337.4200046476566
0,0,5,0,500,100,20,0,1.5,100,308,40,152,2101.444940505437,0,2101.444940505437,1388,0,1388,2.9253342747430557,1.845164624735152,0,500,100,3.0,55.284533333333336,0.0,-67.82397230036952,-543.1914806090771
0,0,6,0,10,100,20,0,1.5,100,9,0,1,10.402533007995114,0,10.402533007995114,9,0,9,0.4871669096076472,0.6736939248142181,0,10,100,3.0,70.73333333333333,0.0,-302.24867275996246,-410.4042072545316
0,0,7,0,10,100,20,0,1.5,100,2,0,8,86.92708201025565,0,86.92708201025565,48,0,48,4.229550979932676,4.026999999999999,0,10,100,3.0,26.433333333333337,0.0,-340.6686673593074,-437.3983282961128
0,0,7,0,25,100,20,0,1.5,100,6,0,19,102.86619191829666,0,102.86619191829666,97,0,97,4.3673056450688135,3.79060865682504,0,25,100,3.0,31.999333333333333,0.0,-149.07983639285482,-231.6650884354434
0,0,6,0,25,100,20,0,1.5,100,24,1,0,28.48909700504496,0,28.48909700504496,19,0,19,0.247,0.2447837823891874,0,25,100,3.0,68.18333333333334,0.0,-7.973942110017404,-243.3930092706172
0,0,6,0,50,100,20,0,1.5,100,34,1,15,124.00870887571536,0,124.00870887571536,90,0,90,1.806609190139206,1.628320979515827,0,50,100,3.0,54.44133333333333,0.0,15.266266098812151,-53.58684963812195
0,0,7,0,50,100,20,0,1.5,100,42,3,5,87.06662750965027,0,87.06662750965027,70,0,70,0.5240000000000001,0.9209446052500072,0,50,100,3.0,57.71833333333333,0.0,32.665597314567336,-34.26963056104731
0,0,6,0,100,100,20,0,1.5,100,6,0,94,809.9151465966489,0,809.9151465966489,473,0,473,4.558212926737384,4.6989,0,100,100,3.0,16.062666666666665,0.0,-4350.113667539521,-4834.262854462143
0,0,7,0,100,100,20,0,1.5,100,17,2,81,635.2521342785531,0,635.2521342785531,459,0,459,4.392128788314677,4.181636231228563,0,100,100,3.0,31.29466666666667,0.0,-227.0419407086273,-374.5515640520201
0,0,6,0,200,100,20,0,1.5,100,108,20,72,888.7094563898593,0,888.7094563898593,476,0,476,3.431862882374765,2.145584196276329,0,200,100,3.0,46.56325000000001,0.0,-73.09906790575712,-136.6290470519399
0,0,6,0,500,100,20,0,1.5,100,221,44,235,3191.163507280918,0,3191.163507280918,1783,0,1783,3.306990840219739,2.7050248137132225,0,500,100,3.0,46.69483333333333,0.0,-262.1243616488757,-428.4338778479399
0,0,8,0,10,100,20,0,1.5,100,10,0,0,0.0,0,0.0,0,0,0,0.0161780171121508,0.0,0,10,100,3.0,80.0,0.0,-inf,-inf
0,0,9,0,10,100,20,0,1.5,100,8,1,1,19.95547392018757,0,19.95547392018757,15,0,15,0.0499745925560742,0.7975334238456127,0,10,100,3.0,63.91,0.0,-366.8304892570351,-432.919910098251
0,0,8,0,25,100,20,0,1.5,100,2,1,22,203.98452399322403,0,203.98452399322403,122,0,122,4.551332930567704,4.468949754161438,0,25,100,3.0,25.762,0.0,-1018.8514768970928,-1118.8487780302958
0,0,9,0,25,100,20,0,1.5,100,13,1,11,96.19128404275708,0,96.19128404275708,80,0,80,4.133453090617012,2.402942242123409,0,25,100,3.0,45.13666666666667,0.0,0.3274290043803063,-276.3740823445193
0,0,8,0,50,100,20,0,1.5,100,37,3,10,72.32749519476691,0,72.32749519476691,76,0,76,0.7405000000000002,1.2016297726350058,0,50,100,3.0,62.999,0.0,8.672766279442143,-48.15409646986562
0,0,8,0,100,100,20,0,1.5,100,94,4,2,50.97070534655058,0,50.97070534655058,38,0,38,0.6863802939792697,0.3209935024090156,0,100,100,3.0,68.85333333333334,0.0,-17.557892320245344,-53.06718423938696
0,0,7,0,200,100,20,0,1.5,100,68,7,125,916.0792048570356,0,916.0792048570356,796,0,796,3.861284646202815,3.2673719351954493,0,200,100,3.0,37.59858333333334,0.0,-72.10589201019343,-168.0604969158249
0,0,8,0,200,100,20,0,1.5,100,71,20,109,1335.6169980753614,0,1335.6169980753614,780,0,780,3.8250347060346415,3.0577820507785907,0,200,100,3.0,39.501000000000005,0.0,-83.11629239707179,-184.84459721623364
0,0,7,0,500,100,20,0,1.5,100,391,22,87,975.1039417433856,0,975.1039417433856,631,0,631,1.3649086138198796,1.062495486132503,0,500,100,3.0,61.453066666666665,0.0,58.95755930832479,-375.4765341161337
0,0,8,0,500,100,20,0,1.5,100,260,43,197,3264.608565043342,0,3264.608565043342,1555,0,1555,2.655746422203577,2.3753556553958988,0,500,100,3.0,48.031333333333336,0.0,-218.1144848334284,-435.94018859380674
0,0,10,0,10,100,20,0,1.5,100,1,0,9,92.4310712534798,0,92.4310712534798,48,0,48,4.764967265704314,4.41951302123522,0,10,100,3.0,27.633333333333336,0.0,-410.4769115291173,-476.0619700589101
0,0,10,0,25,100,20,0,1.5,100,4,0,21,261.2495460723144,0,261.2495460723144,104,0,104,4.505137573801375,4.2,0,25,100,3.0,29.198,0.0,-797.3723320125234,-966.0491047185247
0,0,10,0,50,100,20,0,1.5,100,11,3,36,448.3451790774165,0,448.3451790774165,206,0,206,4.040899290511058,3.798932692673605,0,50,100,3.0,33.10433333333334,0.0,-292.75342304836994,-509.6325213002291
0,0,9,0,50,100,20,0,1.5,100,31,5,14,184.6780916867989,0,184.6780916867989,117,0,117,4.201518539706209,1.7727442140006324,0,50,100,3.0,46.86866666666667,0.0,2.7243374878519973,-66.33931726774722
0,0,9,0,100,100,20,0,1.5,100,17,7,76,937.3271421473,0,937.3271421473,414,0,414,3.9269692478482816,4.037396958260147,0,100,100,3.0,30.198333333333327,0.0,-209.56611536286687,-648.078847606838
0,0,10,0,100,100,20,0,1.5,100,49,10,41,674.8782662870212,0,674.8782662870212,355,0,355,3.5840416067920984,2.50783189227322,0,100,100,3.0,41.31266666666666,0.0,-53.88012893479976,-75.36974232645676
0,0,9,0,200,100,20,0,1.5,100,55,8,137,1237.0158045501175,0,1237.0158045501175,794,0,794,4.325211832668921,3.54377765912325,0,200,100,3.0,34.024,0.0,-218.64962356540445,-325.9579638584098
0,0,10,0,200,100,20,0,1.5,100,189,7,4,103.86868739844758,0,103.86868739844758,61,0,61,0.6567983884822887,0.2619903713453763,0,200,100,3.0,71.03166666666667,0.0,-22.01572501747941,-101.9832157947836
0,0,9,0,500,100,20,0,1.5,100,151,54,295,3294.5524899072766,0,3294.5524899072766,2199,0,2199,3.24132232987654,3.3498377674094733,0,500,100,3.0,38.405,0.0,-286.79879222900865,-481.1542887514124
0,0,10,0,500,100,20,0,1.5,100,383,32,85,1085.8878221970504,0,1085.8878221970504,586,0,586,1.708500000000002,1.128369204764469,0,500,100,3.0,61.773,0.0,83.81606682942947,-266.0431055307415
0,0,11,0,10,100,20,0,1.5,100,10,0,0,0.6081550457722267,0,0.6081550457722267,3,0,3,0.0,0.0,0,10,100,3.0,77.0,0.0,-inf,-inf
0,0,12,0,10,100,20,0,1.5,100,8,0,2,18.716555724057194,0,18.716555724057194,9,0,9,0.2006513082703769,1.0,0,10,100,3.0,69.18333333333334,0.0,-265.7167717920954,-277.7174997710715
0,0,12,0,25,100,20,0,1.5,100,4,0,21,242.32026023215403,0,242.32026023215403,123,0,123,4.329442520910641,4.252097500267837,0,25,100,3.0,23.99866666666667,0.0,-348.53917342941827,-348.53917342941827
0,0,11,0,25,100,20,0,1.5,100,6,0,19,229.548637666868,0,229.548637666868,116,0,116,4.394572674597688,3.826626188006174,0,25,100,3.0,32.87,0.0,-37.44884282231868,-182.8187824554824
0,0,12,0,50,100,20,0,1.5,100,13,6,31,294.3598410755594,0,294.3598410755594,178,0,178,4.46197363228128,3.4744841762798924,0,50,100,3.0,35.31066666666666,0.0,-103.13927173935856,-172.49177356285145
0,0,11,0,50,100,20,0,1.5,100,25,3,22,262.7210330301192,0,262.7210330301192,157,0,157,3.5195900465831698,2.391657030553263,0,50,100,3.0,50.773,0.0,-8.15031350915082,-64.95888457871598
0,0,12,0,100,100,20,0,1.5,100,95,3,2,45.54803228937795,0,45.54803228937795,41,0,41,0.4685046398241168,0.2017923711580257,0,100,100,3.0,74.72166666666666,0.0,-21.31560414162608,-65.79478160711403
0,0,11,0,100,100,20,0,1.5,100,80,5,15,212.1015331054757,0,212.1015331054757,144,0,144,0.8010000000000002,0.9847485301726772,0,100,100,3.0,63.22516666666667,0.0,1.074618411516184,-72.78397119255214
0,0,11,0,200,100,20,0,1.5,100,166,7,27,516.3945901243949,0,516.3945901243949,221,0,221,1.2719092953561382,0.8457247160702533,0,200,100,3.0,65.80816666666668,0.0,12.651782866667077,-124.61200435183493
0,0,11,0,500,100,20,0,1.5,100,465,17,18,253.5182249555757,0,253.5182249555757,322,0,322,0.9466360563303676,0.3570434682196212,0,500,100,3.0,67.56276666666666,0.0,-123.0346359413552,-369.3741767798121
0,0,13,0,10,100,20,0,1.5,100,8,1,1,19.76918297307178,0,19.76918297307178,10,0,10,0.2003099150391159,0.7496120579704254,0,10,100,3.0,69.72999999999999,0.0,-229.8468664015478,-404.0345233473056
0,0,14,0,10,100,20,0,1.5,100,10,0,0,1.3038724307745375,0,1.3038724307745375,1,0,1,0.0,0.008,0,10,100,3.0,74.6,0.0,-343.7594091007104,-inf
0,0,13,0,25,100,20,0,1.5,100,1,0,24,208.168250744344,0,208.168250744344,146,0,146,4.439286039781833,4.835161107568015,0,25,100,3.0,16.706666666666663,0.0,-338.7665671770279,-346.85747226405533
0,0,14,0,25,100,20,0,1.5,100,17,4,4,55.75518285931084,0,55.75518285931084,34,0,34,0.907357015896064,1.239272927292716,0,25,100,3.0,54.44866666666666,0.0,-191.5157145254977,-410.086299934044
0,0,13,0,50,100,20,0,1.5,100,50,0,0,5.40442416526342,0,5.40442416526342,9,0,9,0.2360590530979225,0.0016,0,50,100,3.0,77.63,0.0,-257.6668639907061,-inf
0,0,13,0,100,100,20,0,1.5,100,36,3,61,613.4962820235583,0,613.4962820235583,432,0,432,2.827767172812078,3.214221058495527,0,100,100,3.0,37.6835,0.0,-41.84687965578027,-85.7567771547231
0,0,13,0,200,100,20,0,1.5,100,45,13,142,1804.338230912097,0,1804.338230912097,903,0,903,4.232999894014758,3.801497840243087,0,200,100,3.0,32.66958333333333,0.0,-192.09997709251127,-319.6017583232622
0,0,12,0,200,100,20,0,1.5,100,158,6,36,636.7797487897778,0,636.7797487897778,333,0,333,1.4865000000000002,1.103116645909476,0,200,100,3.0,61.823,0.0,-24.82058461018113,-199.2299444879557
0,0,12,0,500,100,20,0,1.5,100,62,12,426,4031.0286609689674,0,4031.0286609689674,2265,0,2265,4.253562914280594,4.333426492007222,0,500,100,3.0,23.45973333333333,0.0,-2418.328991052941,-2687.484694773656
0,0,13,0,500,100,20,0,1.5,100,334,34,132,1618.9025046820295,0,1618.9025046820295,1137,0,1137,1.4865000000000002,1.567299237559058,0,500,100,3.0,55.0437,0.0,113.31981252960044,-410.3859093414575
0,0,15,0,10,100,20,0,1.5,100,9,0,1,3.883613446525768,0,3.883613446525768,6,0,6,0.0660479400400366,0.4959999999999999,0,10,100,3.0,69.98333333333333,0.0,-287.2997001416814,-423.2683720334584
0,0,15,0,25,100,20,0,1.5,100,9,2,14,219.34993771338387,0,219.34993771338387,104,0,104,3.821803165606689,3.000717606944554,0,25,100,3.0,47.144666666666666,0.0,-102.18713617291894,-342.403295191193
0,0,14,0,50,100,20,0,1.5,100,31,4,15,138.16399095440147,0,138.16399095440147,115,0,115,2.410487221416066,1.7868510954669423,0,50,100,3.0,50.537,0.0,5.695884936275803,-44.93550274373425
0,0,15,0,50,100,20,0,1.5,100,32,1,17,208.5914203911256,0,208.5914203911256,133,0,133,3.0073829933047027,1.8943167416015347,0,50,100,3.0,53.39166666666666,0.0,-25.832821263111995,-55.90144038763566
0,0,15,0,100,100,20,0,1.5,100,15,8,77,857.7496911028006,0,857.7496911028006,482,0,482,4.042794082153288,4.096659633979357,0,100,100,3.0,31.523666666666667,0.0,-64.11434319798875,-194.10293438160204
0,0,14,0,100,100,20,0,1.5,100,37,9,54,602.9239200671202,0,602.9239200671202,398,0,398,3.568501693190826,3.036089488507321,0,100,100,3.0,43.043833333333325,0.0,-29.12423673405334,-63.94065389004089
0,0,15,0,200,100,20,0,1.5,100,27,2,171,977.6616860546224,0,977.6616860546224,943,0,943,4.32349544148265,4.304207243548333,0,200,100,3.0,24.74075,0.0,-839.4468300772496,-2092.203565342208
0,0,14,0,200,100,20,0,1.5,100,160,11,29,566.2719130850423,0,566.2719130850423,340,0,340,0.8596385422694632,0.9754835742538188,0,200,100,3.0,64.398,0.0,-82.65165886683661,-169.7187913426639
0,0,15,0,500,100,20,0,1.5,100,474,9,17,344.4799799737038,0,344.4799799737038,218,0,218,1.229000000000001,0.245771406188405,0,500,100,3.0,72.5745,0.0,-66.67415146200722,-335.360925384055
0,0,14,0,500,100,20,0,1.5,100,431,19,50,608.6626596389995,0,608.6626596389995,501,0,501,1.9625383581483424,0.6696780122108801,0,500,100,3.0,67.9434,0.0,-161.93458252606308,-446.7628936997921
0,0,17,0,10,100,20,0,1.5,100,1,1,8,84.65362595524117,0,84.65362595524117,49,0,49,4.613612539072487,4.338,0,10,100,3.0,24.416666666666664,0.0,-409.1741418158404,-470.8888243993069
0,0,16,0,10,100,20,0,1.5,100,0,0,10,70.06326434470873,0,70.06326434470873,49,0,49,4.733106835704237,5.0,0,10,100,3.0,14.123333333333337,0.0,-397.00031516239295,-484.57484175109016
0,0,17,0,25,100,20,0,1.5,100,2,1,22,262.98423737983546,0,262.98423737983546,126,0,126,4.548690466579423,4.50615388721033,0,25,100,3.0,21.47733333333333,0.0,-1027.2772657847422,-1119.5062152153544
0,0,16,0,25,100,20,0,1.5,100,15,2,8,104.2593443941519,0,104.2593443941519,70,0,70,3.8775710723555568,2.054419790488556,0,25,100,3.0,43.78,0.0,-14.62842086334014,-80.0676884684074
0,0,16,0,50,100,20,0,1.5,100,8,1,41,330.8552782495371,0,330.8552782495371,246,0,246,4.549738473942936,4.165619822840131,0,50,100,3.0,25.515666666666664,0.0,-156.5026582905884,-172.80142025537697
0,0,17,0,50,100,20,0,1.5,100,33,4,13,153.66065482015355,0,153.66065482015355,117,0,117,1.2946298458899672,1.5630972162550774,0,50,100,3.0,49.56733333333334,0.0,-32.38851598118372,-46.49385606147507
0,0,16,0,100,100,20,0,1.5,100,17,3,80,499.0487078951164,0,499.0487078951164,488,0,488,3.97051307886794,4.142944593414298,0,100,100,3.0,30.6355,0.0,-226.60562638809571,-305.55561197347686
0,0,17,0,100,100,20,0,1.5,100,94,0,6,93.22325977712602,0,93.22325977712602,59,0,59,0.9513782973260788,0.3709525709314276,0,100,100,3.0,70.84916666666666,0.0,-3.066974232876873,-45.30318644020636
0,0,16,0,200,100,20,0,1.5,100,33,8,159,1320.5893727937978,0,1320.5893727937978,867,0,867,3.959391108344121,4.098908753222611,0,200,100,3.0,30.3295,0.0,-589.953691975401,-1378.6609025234084
0,0,16,0,500,100,20,0,1.5,100,217,60,223,2644.735605431173,0,2644.735605431173,1719,0,1719,3.5606491006517382,2.7093944824187277,0,500,100,3.0,41.03346666666668,0.0,-157.4012912355122,-420.85288595149007
0,0,19,0,10,100,20,0,1.5,100,1,0,9,88.87704048676187,0,88.87704048676187,57,0,57,4.713904215166624,4.682774953198269,0,10,100,3.0,12.933333333333334,0.0,-419.80455582124046,-511.168858187207
0,0,18,0,10,100,20,0,1.5,100,5,0,5,56.11682110224055,0,56.11682110224055,25,0,25,4.263746559767458,2.5,0,10,100,3.0,56.508333333333326,0.0,-314.5160944813838,-409.6880842756132
0,0,19,0,25,100,20,0,1.5,100,9,0,16,127.97230780246296,0,127.97230780246296,87,0,87,4.310962481819671,3.2451757006756554,0,25,100,3.0,32.81333333333333,0.0,-9.79259911569001,-422.5510933902903
0,0,18,0,25,100,20,0,1.5,100,20,3,2,34.99110929970621,0,34.99110929970621,30,0,30,0.2590449943356277,0.7814049280063046,0,25,100,3.0,72.50666666666666,0.0,-7.571630268762604,-119.04505404687568
0,0,18,0,50,100,20,0,1.5,100,47,2,1,10.012087038932014,0,10.012087038932014,12,0,12,0.2445000000000001,0.2552443979887491,0,50,100,3.0,70.12,0.0,-32.15954129476624,-130.773731191597
0,0,18,0,100,100,20,0,1.5,100,49,8,43,369.2478072363284,0,369.2478072363284,309,0,309,3.470170606858604,2.436666441168417,0,100,100,3.0,46.7655,0.0,-4.502018954206221,-83.44212659727367
0,0,18,0,200,100,20,0,1.5,100,26,0,174,1333.2790325213782,0,1333.2790325213782,908,0,908,4.019240357081755,4.342987480080168,0,200,100,3.0,22.163916666666665,0.0,-2149.831062500587,-2191.851552344024
0,0,17,0,200,100,20,0,1.5,100,38,15,147,887.9191088856279,0,887.9191088856279,875,0,875,3.687000048845856,3.94344867688412,0,200,100,3.0,28.5255,0.0,-477.4955763128065,-526.048090667621
0,0,17,0,500,100,20,0,1.5,100,76,87,337,3730.788323440762,0,3730.788323440762,2069,0,2069,3.548222489811276,3.942096391121284,0,500,100,3.0,30.128533333333333,0.0,-1717.8335343486178,-1793.2631179150894
0,0,18,0,500,100,20,0,1.5,100,76,54,370,3147.225771158235,0,3147.225771158235,2006,0,2006,3.3770589413176224,4.059148866144036,0,500,100,3.0,31.03270000000001,0.0,-1217.0343072285016,-1301.4826630827122
0,0,20,0,10,100,20,0,1.5,100,2,0,8,59.28634491019799,0,59.28634491019799,45,0,45,4.534515393835824,4.032,0,10,100,3.0,22.306666666666665,0.0,-415.7375799497596,-445.2763657298152
0,0,20,0,25,100,20,0,1.5,100,7,2,16,156.9829848854792,0,156.9829848854792,91,0,91,4.540755039213215,3.4252,0,25,100,3.0,33.17666666666666,0.0,-135.3757560561802,-408.7302670837671
0,0,19,0,50,100,20,0,1.5,100,33,5,12,171.63130155322483,0,171.63130155322483,104,0,104,3.07315314531644,1.627374910532394,0,50,100,3.0,54.21833333333333,0.0,-25.91796611041605,-49.351661658358736
0,0,20,0,50,100,20,0,1.5,100,14,8,28,457.02286967865376,0,457.02286967865376,218,0,218,3.891515193813457,3.4593742510048786,0,50,100,3.0,34.70633333333333,0.0,-105.68192419608796,-108.15736713135992
0,0,20,0,100,100,20,0,1.5,100,93,5,2,58.26762551556203,0,58.26762551556203,38,0,38,0.5359131409474998,0.2748576733675424,0,100,100,3.0,70.62,0.0,12.179517920145912,-75.39941334134667
0,0,19,0,100,100,20,0,1.5,100,98,1,1,46.08600697743133,0,46.08600697743133,30,0,30,0.5315125374629718,0.1642028196290307,0,100,100,3.0,75.51033333333334,0.0,-63.06503567261007,-159.28262903660612
0,0,20,0,200,100,20,0,1.5,100,27,6,167,1660.562062891405,0,1660.562062891405,934,0,934,4.400101592061967,4.27924710457128,0,200,100,3.0,24.9695,0.0,-8416.85414077594,-8667.971762467561
0,0,19,0,200,100,20,0,1.5,100,133,16,51,677.798812748953,0,677.798812748953,484,0,484,1.5549611432730228,1.5906987699290154,0,200,100,3.0,52.44691666666666,0.0,-0.861696906673842,-151.61340515020504
0,0,20,0,500,100,20,0,1.5,100,100,51,349,3988.56713095662,0,3988.56713095662,2231,0,2231,4.167758715832896,3.871259232667094,0,500,100,3.0,28.9479,0.0,-1012.4389358844747,-1039.8300601700528
0,0,19,0,500,100,20,0,1.5,100,229,38,233,2631.86535034433,0,2631.86535034433,1403,0,1403,3.593676206240083,2.6330903308417697,0,500,100,3.0,40.32996666666666,0.0,-201.0214242018326,-384.6520086662463
0,0,21,0,10,100,20,0,1.5,100,9,0,1,7.301190887729832,0,7.301190887729832,9,0,9,0.0,0.5,0,10,100,3.0,71.95,0.0,-339.30750329487665,-396.0505783490413
0,0,22,0,10,100,20,0,1.5,100,2,2,6,79.2716400744298,0,79.2716400744298,48,0,48,4.757149324989888,3.724000000000001,0,10,100,3.0,29.423333333333336,0.0,-455.4890041622944,-455.4890041622944
0,0,21,0,25,100,20,0,1.5,100,25,0,0,5.900600900761052,0,5.900600900761052,3,0,3,0.0,0.122370202556789,0,25,100,3.0,73.44,0.0,-444.09666943432745,-842.3233533559662
0,0,22,0,25,100,20,0,1.5,100,5,4,16,290.3448464891018,0,290.3448464891018,120,0,120,3.855054411847216,3.780139190466211,0,25,100,3.0,48.685333333333325,0.0,-0.5732737588206547,-89.32049432071227
0,0,21,0,50,100,20,0,1.5,100,49,0,1,33.5216685499349,0,33.5216685499349,26,0,26,0.2440000000000008,0.1133694940644983,0,50,100,3.0,68.68,0.0,-92.30310404868312,-309.9772824115067
0,0,22,0,50,100,20,0,1.5,100,50,0,0,2.989434959329215,0,2.989434959329215,3,0,3,0.0,0.0,0,50,100,3.0,79.18,0.0,-inf,-inf
0,0,22,0,100,100,20,0,1.5,100,9,4,87,734.4263862029692,0,734.4263862029692,479,0,479,4.05180509487443,4.456970235040078,0,100,100,3.0,23.171499999999995,0.0,-4214.048573435792,-4835.384739161126
0,0,21,0,100,100,20,0,1.5,100,81,5,14,211.4463090846547,0,211.4463090846547,139,0,139,0.884971682122522,0.943714270082784,0,100,100,3.0,60.17216666666667,0.0,-31.039637813707717,-81.25639155108667
0,0,21,0,200,100,20,0,1.5,100,85,13,102,1105.1885028047752,0,1105.1885028047752,745,0,745,3.2204866678407438,2.832674790899803,0,200,100,3.0,39.23825,0.0,-44.442363586932,-186.4451219062452
0,0,21,0,500,100,20,0,1.5,100,284,44,172,2980.511613523724,0,2980.511613523724,1376,0,1376,3.029931214581011,2.1213926350833425,0,500,100,3.0,48.557333333333325,0.0,-161.74180070163925,-395.8305654879888
0,0,23,0,10,100,20,0,1.5,100,8,0,2,30.27351561009356,0,30.27351561009356,14,0,14,0.3611474285368721,1.0,0,10,100,3.0,67.88333333333334,0.0,-294.3767840696061,-374.5681515699808
0,0,24,0,10,100,20,0,1.5,100,10,0,0,0.114170525226462,0,0.114170525226462,2,0,2,0.0,0.0,0,10,100,3.0,75.2,0.0,-inf,-inf
0,0,23,0,25,100,20,0,1.5,100,10,1,14,244.12585170690204,0,244.12585170690204,89,0,89,4.335799073067986,3.063194383886524,0,25,100,3.0,45.42333333333333,0.0,-14.747167001770409,-363.4173527827537
0,0,24,0,25,100,20,0,1.5,100,25,0,0,4.325626726095837,0,4.325626726095837,4,0,4,0.0019533827849523,0.0585551355805355,0,25,100,3.0,74.56,0.0,-47.74475040013712,-1030.588075408449
0,0,23,0,50,100,20,0,1.5,100,49,0,1,32.700720455079626,0,32.700720455079626,16,0,16,0.2778787816153379,0.1360174737320444,0,50,100,3.0,75.98666666666666,0.0,-56.68828871252438,-1247.453745979567
0,0,23,0,100,100,20,0,1.5,100,83,3,14,142.3609351265709,0,142.3609351265709,120,0,120,1.621018563828068,0.9106167796336132,0,100,100,3.0,60.76583333333334,0.0,-20.53493985707496,-61.45978801665072
0,0,22,0,200,100,20,0,1.5,100,28,21,151,1903.4028087621136,0,1903.4028087621136,868,0,868,4.076493728496535,4.096234129890077,0,200,100,3.0,26.43241666666667,0.0,-7149.013327792416,-8471.955774957038
0,0,23,0,200,100,20,0,1.5,100,106,23,71,957.1654437634232,0,957.1654437634232,547,0,547,3.177807138705103,2.192901868211316,0,200,100,3.0,47.43549999999999,0.0,-28.225433025225925,-116.9247923946495
0,0,22,0,500,100,20,0,1.5,100,367,28,105,1541.5647623967857,0,1541.5647623967857,928,0,928,1.4845000000000004,1.2669126786529985,0,500,100,3.0,59.40026666666666,0.0,80.59541267843872,-485.89146323703824
0,0,23,0,500,100,20,0,1.5,100,441,26,33,496.447298424944,0,496.447298424944,376,0,376,1.2429976423974811,0.5435723004534807,0,500,100,3.0,68.6165,0.0,63.38483712499112,-368.0987155521067
0,0,25,0,10,100,20,0,1.5,100,9,0,1,7.883617561889437,0,7.883617561889437,6,0,6,0.0231127215244135,0.5,0,10,100,3.0,76.16,0.0,-465.4436138078953,-501.467908513761
0,0,25,0,25,100,20,0,1.5,100,25,0,0,7.918653846868221,0,7.918653846868221,4,0,4,0.043942056793107,0.0,0,25,100,3.0,75.5,0.0,-inf,-inf
0,0,25,0,50,100,20,0,1.5,100,6,12,32,475.20341337680094,0,475.20341337680094,209,0,209,4.492587715356606,3.9060748806145487,0,50,100,3.0,24.450333333333333,0.0,-1950.3600844244072,-2202.1825510143167
0,0,24,0,50,100,20,0,1.5,100,22,4,24,283.25892251970333,0,283.25892251970333,178,0,178,4.013797651602614,2.622187172052703,0,50,100,3.0,43.11366666666667,0.0,-31.983160729878264,-51.318453430689146
0,0,25,0,100,100,20,0,1.5,100,14,6,80,517.0312905298825,0,517.0312905298825,412,0,412,4.13542962947463,4.195842698263037,0,100,100,3.0,28.927666666666664,0.0,-4006.6056314836032,-4369.974548576288
0,0,24,0,100,100,20,0,1.5,100,96,1,3,59.09859600422981,0,59.09859600422981,44,0,44,0.4890000000000012,0.1867890512773858,0,100,100,3.0,73.51166666666667,0.0,-26.149461085524138,-64.59638767470159
0,0,25,0,200,100,20,0,1.5,100,16,0,184,1282.6422961089138,0,1282.6422961089138,984,0,984,4.5065,4.590712951768508,0,200,100,3.0,20.2445,0.0,-8109.235292722184,-9513.65595609974
0,0,24,0,200,100,20,0,1.5,100,149,10,41,764.3936551106117,0,764.3936551106117,325,0,325,1.6834884830948706,1.2867746819365613,0,200,100,3.0,59.11933333333334,0.0,25.606347564764576,-112.31197307059044
0,0,25,0,500,100,20,0,1.5,100,93,7,400,4006.2922407093815,0,4006.2922407093815,2376,0,2376,3.83616994560738,4.095889352719862,0,500,100,3.0,29.441366666666667,0.0,-691.2955369123047,-803.1125223314375
0,0,24,0,500,100,20,0,1.5,100,497,2,1,92.31978325192104,0,92.31978325192104,54,0,54,1.1383015322338517,0.0419123052267681,0,500,100,3.0,77.25673333333334,0.0,-341.39887167621725,-378.8249413303423
0,0,27,0,10,100,20,0,1.5,100,5,1,4,57.61482207917339,0,57.61482207917339,31,0,31,4.650152515920236,2.308355131194353,0,10,100,3.0,48.58333333333333,0.0,-300.7693457279144,-373.51610650362
0,0,26,0,10,100,20,0,1.5,100,5,0,5,23.865369526653787,0,23.865369526653787,22,0,22,3.877533605664385,2.4691020624757427,0,10,100,3.0,54.18666666666667,0.0,-247.07097555016884,-338.6847670006631
0,0,26,0,25,100,20,0,1.5,100,24,1,0,11.710286970533812,0,11.710286970533812,15,0,15,0.04087974183072,0.1653234433571431,0,25,100,3.0,75.21666666666665,0.0,-115.40025031276588,-909.5799714555772
0,0,27,0,25,100,20,0,1.5,100,18,1,6,72.83535940137696,0,72.83535940137696,50,0,50,0.8160605724379618,1.433695776592372,0,25,100,3.0,63.324000000000005,0.0,-31.277738947841957,-71.52743630704902
0,0,27,0,50,100,20,0,1.5,100,4,4,42,349.64704853223327,0,349.64704853223327,242,0,242,4.4302387360646645,4.38188067616461,0,50,100,3.0,28.105,0.0,-2047.199181210941,-2410.34931549041
0,0,26,0,50,100,20,0,1.5,100,50,0,0,8.251727743743132,0,8.251727743743132,16,0,16,0.4551745315055239,0.0294028101124142,0,50,100,3.0,74.64666666666666,0.0,-30.73644750457112,-183.0477741176134
0,0,27,0,100,100,20,0,1.5,100,13,2,85,1041.9142876724152,0,1041.9142876724152,478,0,478,4.029367401142348,4.337463710249449,0,100,100,3.0,21.331666666666663,0.0,-230.8519596955284,-854.1338351378861
0,0,26,0,100,100,20,0,1.5,100,28,7,65,431.647839707844,0,431.647839707844,379,0,379,4.037503152868492,3.4866100869996206,0,100,100,3.0,35.71516666666667,0.0,-234.0896087501443,-234.2150902953589
0,0,26,0,200,100,20,0,1.5,100,75,13,112,1642.3211042858727,0,1642.3211042858727,764,0,764,3.132600909591881,3.14135055528643,0,200,100,3.0,36.30833333333333,0.0,-48.452423978320894,-169.7293080856166
0,0,26,0,500,100,20,0,1.5,100,321,32,147,2331.489370814602,0,2331.489370814602,1123,0,1123,3.2549996731820903,1.7447546694501326,0,500,100,3.0,52.94296666666667,0.0,-74.71441406341273,-394.68805070805513
0,0,28,0,10,100,20,0,1.5,100,8,0,2,20.82795779096259,0,20.82795779096259,13,0,13,0.0026246917100974,1.0,0,10,100,3.0,71.54166666666666,0.0,-258.7418386392365,-343.8365649966048
0,0,28,0,25,100,20,0,1.5,100,2,0,23,176.42916841366863,0,176.42916841366863,126,0,126,4.676351176739661,4.6,0,25,100,3.0,18.886666666666667,0.0,-1009.9983773884668,-1098.0545633076206
0,0,29,0,10,100,20,0,1.5,100,0,0,10,102.57563660638591,0,102.57563660638591,59,0,59,4.721536404630703,5.0,0,10,100,3.0,19.833333333333336,0.0,-443.4593187252085,-461.6065056951389
0,0,29,0,25,100,20,0,1.5,100,1,0,24,188.8370486435491,0,188.8370486435491,91,0,91,4.769716093830692,4.8,0,25,100,3.0,25.516666666666666,0.0,-1081.1999055789954,-1137.7456921614328
0,0,28,0,50,100,20,0,1.5,100,30,1,19,279.022191553417,0,279.022191553417,132,0,132,2.8270477926040787,1.955322766644428,0,50,100,3.0,59.73433333333333,0.0,13.40335953942295,-68.96899798100151
0,0,28,0,100,100,20,0,1.5,100,59,8,33,343.70055583970543,0,343.70055583970543,242,0,242,3.176744363275959,1.986539916720402,0,100,100,3.0,46.28983333333333,0.0,-25.51203388496737,-83.37725116643344
0,0,27,0,200,100,20,0,1.5,100,54,9,137,1487.528572753312,0,1487.528572753312,798,0,798,3.377493299971961,3.619779127005605,0,200,100,3.0,31.89666666666667,0.0,-278.6034075879727,-367.47731023098254
0,0,28,0,200,100,20,0,1.5,100,85,12,103,660.4958943258019,0,660.4958943258019,746,0,746,3.1413988339555807,2.770738767404814,0,200,100,3.0,46.32816666666667,0.0,-44.38441011306162,-205.1845612181776
0,0,28,0,500,100,20,0,1.5,100,129,27,344,2408.1122982624097,0,2408.1122982624097,2263,0,2263,3.014234679953563,3.628263396403831,0,500,100,3.0,38.19763333333333,0.0,-410.1202689177471,-532.5669834423379
0,0,27,0,500,100,20,0,1.5,100,360,49,91,1581.85625703576,0,1581.85625703576,830,0,830,2.1114976987041123,1.347456772111535,0,500,100,3.0,52.19756666666667,0.0,6.823697858989021,-378.1838742547502
0,0,30,0,10,100,20,0,1.5,100,6,2,2,34.97933782932856,0,34.97933782932856,27,0,27,1.5739597255529627,1.6792485072341663,0,10,100,3.0,49.86999999999999,0.0,-294.81262562215613,-410.48015903784847
0,0,30,0,25,100,20,0,1.5,100,25,0,0,5.024718226183774,0,5.024718226183774,4,0,4,0.0,0.0,0,25,100,3.0,76.82,0.0,-inf,-inf
0,0,29,0,50,100,20,0,1.5,100,50,0,0,0.0,0,0.0,0,0,0,0.0,0.0,0,50,100,3.0,80.0,0.0,-inf,-inf
0,0,30,0,50,100,20,0,1.5,100,28,8,14,136.4399270100627,0,136.4399270100627,144,0,144,3.5703187219062067,1.9786008273704383,0,50,100,3.0,48.58866666666667,0.0,-1.42415025312998,-41.47491519054
0,0,29,0,100,100,20,0,1.5,100,12,2,86,585.6076018402558,0,585.6076018402558,349,0,349,4.042135347365788,4.3685,0,100,100,3.0,27.44983333333333,0.0,-3836.396718392965,-4390.335372779889
0,0,30,0,100,100,20,0,1.5,100,37,11,52,588.732416985387,0,588.732416985387,393,0,393,3.1521713374351528,3.024703493027891,0,100,100,3.0,45.791500000000006,0.0,-39.05850532493662,-91.63102658531872
0,0,29,0,200,100,20,0,1.5,100,44,24,132,1316.276059895754,0,1316.276059895754,772,0,772,4.299115411775563,3.708739159311332,0,200,100,3.0,25.17583333333333,0.0,-249.36808854324204,-438.303917579227
0,0,30,0,200,100,20,0,1.5,100,72,12,116,1492.2441245197056,0,1492.2441245197056,810,0,810,3.0385847305374734,3.126272573615131,0,200,100,3.0,42.92241666666667,0.0,-150.52406023927938,-220.3394443269906
0,0,29,0,500,100,20,0,1.5,100,491,6,3,152.80952801546462,0,152.80952801546462,158,0,158,0.9880000000000002,0.0865637414327348,0,500,100,3.0,76.88216666666666,0.0,-276.52258623463365,-405.44577822716326
0,0,30,0,500,100,20,0,1.5,100,388,35,77,971.0238899310422,0,971.0238899310422,598,0,598,2.0160860062144343,1.056440991134403,0,500,100,3.0,61.175666666666665,0.0,-22.901126801645773,-348.5010291079666
0,0,1,0,100,25,20,0,1.5,100,100,0,0,0.4101876229637392,0,0.4101876229637392,1,0,1,0.1377922795418137,0.0,0,100,25,3.0,14.91,0.0,-inf,-inf
0,0,2,0,100,25,20,0,1.5,100,100,0,0,23.31103691721378,0,23.31103691721378,20,0,20,0.4842854318788954,0.0275644861311701,0,100,25,3.0,13.99,0.0,-91.42289886683665,-288.3119470295205
0,0,1,0,100,50,20,0,1.5,100,100,0,0,19.926304712261352,0,19.926304712261352,37,0,37,0.2565540112513636,0.0012,0,100,50,3.0,24.48,0.0,-599.2981672667513,-inf
0,0,2,0,100,50,20,0,1.5,100,85,7,8,342.35793892645194,0,342.35793892645194,174,0,174,1.141515504257375,0.9647850337470528,0,100,50,3.0,19.194333333333333,0.0,36.98706686839802,-85.01847185934858
0,0,1,0,100,100,20,0,1.5,100,85,4,11,138.1813718566273,0,138.1813718566273,98,0,98,1.0330798965068326,0.8007953053402511,0,100,100,3.0,45.5325,0.0,-9.71692140707978,-74.35532204004659
0,0,1,0,100,400,20,0,1.5,100,27,10,63,918.845788892212,0,918.845788892212,405,0,405,2.499000000000001,3.5730929348687046,0,100,400,3.0,41.20050000000001,0.0,-26.72808098085474,-92.90066845119216
0,0,1,0,100,200,20,0,1.5,100,75,10,15,208.13473422583084,0,208.13473422583084,121,0,121,1.2683220823944854,1.0451208980449342,0,100,200,3.0,78.96616666666667,0.0,34.13492499956098,-94.93910970198068
0,0,3,0,100,25,20,0,1.5,100,100,0,0,1.7936210266418726,0,1.7936210266418726,5,0,5,0.083104054985102,0.0,0,100,25,3.0,14.7,0.0,-inf,-inf
0,0,3,0,100,50,20,0,1.5,100,90,9,1,142.95008269919478,0,142.95008269919478,57,0,57,0.899899349071703,0.4931888611079397,0,100,50,3.0,23.245,0.0,37.61852855435208,-82.28730614936609
0,0,2,0,100,100,20,0,1.5,100,100,0,0,25.343236838399523,0,25.343236838399523,23,0,23,0.1053454455342784,0.001970998058629,0,100,100,3.0,58.495,0.0,-308.72936379112326,-3226.041961990335
0,0,3,0,100,100,20,0,1.5,100,46,14,40,601.8496097432817,0,601.8496097432817,327,0,327,2.216474631782918,2.536483459755068,0,100,100,3.0,33.729166666666664,0.0,-52.09413801209624,-80.54142829171761
0,0,2,0,100,200,20,0,1.5,100,12,1,87,809.0002335818275,0,809.0002335818275,512,0,512,4.211859941184487,4.39919598496991,0,100,200,3.0,26.30766666666667,0.0,-342.7374865116924,-514.5812290532056
0,0,2,0,100,400,20,0,1.5,100,47,1,52,634.4502315317937,0,634.4502315317937,338,0,338,1.7875000000000008,2.6362391666482985,0,100,400,3.0,62.25833333333333,0.0,-48.61570464796452,-95.62312171387272
0,0,3,0,100,200,20,0,1.5,100,57,1,42,498.2054507151424,0,498.2054507151424,314,0,314,2.372717534794867,2.205582399594689,0,100,200,3.0,63.04266666666668,0.0,32.1503133971693,-86.31373764546822
0,0,4,0,100,25,20,0,1.5,100,100,0,0,13.28862896305715,0,13.28862896305715,21,0,21,0.1675877003447465,0.0325045580977625,0,100,25,3.0,13.11,0.0,-66.96626184463918,-90.50612067444814
0,0,4,0,100,50,20,0,1.5,100,99,1,0,14.078934290353068,0,14.078934290353068,3,0,3,0.2532220807849769,0.0364534871746361,0,100,50,3.0,29.37,0.0,-8.79515296678278,-2265.561202126252
0,0,4,0,100,100,20,0,1.5,100,100,0,0,22.78268533876693,0,22.78268533876693,13,0,13,0.0,0.0002,0,100,100,3.0,56.73,0.0,-3929.3470448181233,-inf
0,0,4,0,100,200,20,0,1.5,100,24,1,75,893.0117040244651,0,893.0117040244651,445,0,445,3.84425507131956,3.814492181745702,0,100,200,3.0,40.67999999999999,0.0,-224.56594490816087,-253.45491105236567
0,0,3,0,100,400,20,0,1.5,100,7,0,93,785.8596341917554,0,785.8596341917554,426,0,426,2.196228129106144,4.65,0,100,400,3.0,28.63566666666667,0.0,-4321.343163048725,-4858.105965856737
0,0,5,0,100,25,20,0,1.5,100,91,7,2,19.53106054243416,0,19.53106054243416,15,0,15,0.4333797991157037,0.3823640843066397,0,100,25,3.0,13.395,0.0,15.591793252801509,-57.00660564411268
0,0,5,0,100,50,20,0,1.5,100,100,0,0,18.49132802806057,0,18.49132802806057,8,0,8,0.2485,0.0013,0,100,50,3.0,29.64,0.0,-2838.1424218952143,-inf
0,0,5,0,100,100,20,0,1.5,100,75,13,12,228.6877825802857,0,228.6877825802857,111,0,111,0.7615000000000001,1.0729919982528136,0,100,100,3.0,42.14566666666666,0.0,14.816729423146768,-41.32987263498373
0,0,5,0,100,400,20,0,1.5,100,11,1,88,734.52626390243,0,734.52626390243,527,0,527,2.895262662739831,4.440284278420632,0,100,400,3.0,30.484500000000004,0.0,-257.8565390675867,-478.3956582149432
0,0,4,0,100,400,20,0,1.5,100,19,5,76,1021.2474391298182,0,1021.2474391298182,466,0,466,2.400000000000005,3.952960580211036,0,100,400,3.0,41.90650000000001,0.0,-194.6195393721881,-259.36165031711096
0,0,5,0,100,200,20,0,1.5,100,38,5,57,779.8728217971606,0,779.8728217971606,412,0,412,3.1306395185007103,3.075982354782568,0,100,200,3.0,52.00549999999999,0.0,-81.99054945144809,-100.13278660535592
0,0,7,0,100,25,20,0,1.5,100,100,0,0,0.0,0,0.0,0,0,0,0.1386168942673988,0.0,0,100,25,3.0,15.0,0.0,-inf,-inf
0,0,6,0,100,25,20,0,1.5,100,81,10,9,82.42053183846689,0,82.42053183846689,31,0,31,1.020091371760448,0.8448063866167811,0,100,25,3.0,12.073333333333334,0.0,27.09060041545851,-46.44066563847176
0,0,6,0,100,50,20,0,1.5,100,100,0,0,4.675371953212835,0,4.675371953212835,15,0,15,0.2918940655596692,0.0333505253520073,0,100,50,3.0,28.655,0.0,-106.85966623297764,-217.8081089450377
0,0,7,0,100,50,20,0,1.5,100,37,13,50,793.2252712908821,0,793.2252712908821,355,0,355,2.0622478024093054,3.060809329577012,0,100,50,3.0,14.9815,0.0,-104.85949222723072,-119.31611670264496
0,0,6,0,100,100,20,0,1.5,100,77,6,17,206.36350525629803,0,206.36350525629803,156,0,156,0.7390000000000002,1.107335037909587,0,100,100,3.0,41.693166666666656,0.0,4.573841599876971,-80.82344914922183
0,0,6,0,100,200,20,0,1.5,100,19,6,75,882.2185588877113,0,882.2185588877113,414,0,414,3.981929288628596,3.938162087574351,0,100,200,3.0,35.4565,0.0,-121.92918919619882,-319.29709489329286
0,0,6,0,100,400,20,0,1.5,100,32,1,67,765.3416786207606,0,765.3416786207606,414,0,414,2.0270000000000006,3.428732977024852,0,100,400,3.0,47.19433333333334,0.0,-86.61028084169843,-179.95773822481033
0,0,8,0,100,25,20,0,1.5,100,100,0,0,0.0,0,0.0,0,0,0,0.0686174541103998,0.0,0,100,25,3.0,15.0,0.0,-inf,-inf
0,0,8,0,100,50,20,0,1.5,100,100,0,0,0.7246651911798058,0,0.7246651911798058,1,0,1,0.0761809043274227,0.0,0,100,50,3.0,29.83,0.0,-inf,-inf
0,0,8,0,100,100,20,0,1.5,100,97,3,0,16.359105181412048,0,16.359105181412048,15,0,15,0.4785000000000026,0.1208867286643972,0,100,100,3.0,55.64666666666667,0.0,-63.27523021775448,-102.2874033711944
0,0,7,0,100,100,20,0,1.5,100,45,12,43,416.9686777023895,0,416.9686777023895,349,0,349,2.4262162257502764,2.570977279235687,0,100,100,3.0,36.2445,0.0,-67.49076322490853,-101.20431993562002
0,0,8,0,100,200,20,0,1.5,100,15,3,82,630.8535939626097,0,630.8535939626097,389,0,389,4.364822308479475,4.166869994359063,0,100,200,3.0,35.818333333333335,0.0,-3575.7437975714624,-4395.632025777953
0,0,7,0,100,400,20,0,1.5,100,24,4,72,656.883583609805,0,656.883583609805,448,0,448,1.9485000000000028,3.8139120265816313,0,100,400,3.0,39.17,0.0,-194.4455776718453,-298.6729657612325
0,0,7,0,100,200,20,0,1.5,100,75,1,24,356.9711525870748,0,356.9711525870748,200,0,200,1.2270000000000003,1.314654855856479,0,100,200,3.0,74.82266666666668,0.0,17.501690113499905,-71.56304717568679
0,0,9,0,100,25,20,0,1.5,100,100,0,0,5.209338553957402,0,5.209338553957402,4,0,4,0.187447840840818,0.0,0,100,25,3.0,14.76,0.0,-inf,-inf
0,0,9,0,100,50,20,0,1.5,100,99,0,1,25.071605613149657,0,25.071605613149657,24,0,24,0.3919207698064707,0.0711111234732153,0,100,50,3.0,27.94783333333334,0.0,-75.82484931513741,-276.1433195042433
0,0,9,0,100,100,20,0,1.5,100,66,2,32,422.1961609456814,0,422.1961609456814,259,0,259,3.0496423714345844,1.858307122612211,0,100,100,3.0,35.96533333333333,0.0,-27.129796274916373,-91.14651641653256
0,0,9,0,100,200,20,0,1.5,100,14,7,79,638.0414382247676,0,638.0414382247676,455,0,455,3.336546024684781,4.16793999222038,0,100,200,3.0,39.38766666666667,0.0,-3707.855784983966,-4156.726261723002
0,0,8,0,100,400,20,0,1.5,100,36,8,56,529.2321883418397,0,529.2321883418397,302,0,302,1.9925000000000004,3.1133184203959776,0,100,400,3.0,45.8495,0.0,-64.61080462393744,-108.72381752316517
0,0,10,0,100,25,20,0,1.5,100,100,0,0,0.0,0,0.0,0,0,0,0.0735323763548066,0.0,0,100,25,3.0,15.0,0.0,-inf,-inf
0,0,10,0,100,50,20,0,1.5,100,100,0,0,10.375830510692795,0,10.375830510692795,6,0,6,0.2668272529981541,0.0024,0,100,50,3.0,29.35,0.0,-275.7081256780553,-inf
0,0,10,0,100,100,20,0,1.5,100,59,25,16,450.0380390173669,0,450.0380390173669,242,0,242,2.300688972099472,1.8927084535956915,0,100,100,3.0,34.29083333333333,0.0,-46.61547523968071,-82.41385942348845
0,0,10,0,100,200,20,0,1.5,100,48,7,45,600.8109072158844,0,600.8109072158844,360,0,360,3.019537544670277,2.531779343701098,0,100,200,3.0,58.872833333333325,0.0,19.422917399045676,-96.15223294845224
0,0,10,0,100,400,20,0,1.5,100,59,8,33,600.7233501411065,0,600.7233501411065,266,0,266,1.7435000000000005,2.042848467661535,0,100,400,3.0,57.97616666666667,0.0,-4.488169827942755,-80.23741696695336
0,0,9,0,100,400,20,0,1.5,100,78,2,20,241.95940748698183,0,241.95940748698183,182,0,182,0.2410000000000002,1.1438239450341967,0,100,400,3.0,83.7815,0.0,16.931660819147908,-70.42398128594806
0,0,11,0,100,25,20,0,1.5,100,100,0,0,5.5980550980617325,0,5.5980550980617325,6,0,6,0.1360499555667466,0.0,0,100,25,3.0,14.46,0.0,-inf,-inf
0,0,12,0,100,25,20,0,1.5,100,72,7,21,122.85012887638683,0,122.85012887638683,49,0,49,0.8962292882711935,1.263029406973921,0,100,25,3.0,11.524166666666666,0.0,9.229957000927527,-42.06128683826796
0,0,11,0,100,50,20,0,1.5,100,100,0,0,26.150515368651547,0,26.150515368651547,12,0,12,0.2551898461704424,0.0016,0,100,50,3.0,29.19,0.0,-3151.5414685568467,-inf
0,0,12,0,100,50,20,0,1.5,100,100,0,0,1.9645060214781556,0,1.9645060214781556,1,0,1,0.0216691722108443,0.0013,0,100,50,3.0,29.73,0.0,-1643.6467205929855,-inf
0,0,11,0,100,100,20,0,1.5,100,100,0,0,16.387386546770653,0,16.387386546770653,31,0,31,0.0,0.0006,0,100,100,3.0,57.11666666666667,0.0,-595.5995623952972,-inf
0,0,11,0,100,200,20,0,1.5,100,10,1,89,772.4210778547707,0,772.4210778547707,448,0,448,3.926723104915703,4.472205545902208,0,100,200,3.0,21.366333333333333,0.0,-4253.146455934131,-4461.839927614381
0,0,11,0,100,400,20,0,1.5,100,11,1,88,669.1574581744629,0,669.1574581744629,408,0,408,2.456421396297155,4.429998899906935,0,100,400,3.0,29.938333333333336,0.0,-3767.6132149675736,-4468.802307105168
0,0,13,0,100,25,20,0,1.5,100,100,0,0,33.61824263760646,0,33.61824263760646,51,0,51,0.5795272665518574,0.0302181400027414,0,100,25,3.0,12.495,0.0,-118.68263726162148,-133.81772310645138
0,0,13,0,100,50,20,0,1.5,100,100,0,0,29.08091591544136,0,29.08091591544136,32,0,32,0.0409129856183115,0.011598641284617,0,100,50,3.0,27.97333333333333,0.0,-139.0523638492421,-670.8922571409308
0,0,12,0,100,100,20,0,1.5,100,60,4,36,396.0024806475756,0,396.0024806475756,221,0,221,2.5645093108688592,2.009806714375338,0,100,100,3.0,34.7655,0.0,11.94506941077907,-67.0004964766753
0,0,13,0,100,100,20,0,1.5,100,67,8,25,395.66193149790206,0,395.66193149790206,233,0,233,3.3403803669909875,1.6444462062541376,0,100,100,3.0,33.278333333333336,0.0,19.674546895625497,-71.50756385039386
0,0,13,0,100,200,20,0,1.5,100,9,7,84,911.5153085464456,0,911.5153085464456,439,0,439,4.734147567637343,4.403961828759583,0,100,200,3.0,31.461,0.0,-4252.764149596154,-4699.720717663674
0,0,12,0,100,200,20,0,1.5,100,96,0,4,56.5083127017684,0,56.5083127017684,51,0,51,0.2430000000000001,0.2629030180035179,0,100,200,3.0,94.99716666666669,0.0,-37.34648965077648,-65.85971934147716
0,0,12,0,100,400,20,0,1.5,100,93,2,5,64.10080734027905,0,64.10080734027905,41,0,41,0.2675923355162408,0.3042482662594593,0,100,400,3.0,89.023,0.0,-34.723019471202065,-144.9555463064271
0,0,14,0,100,25,20,0,1.5,100,100,0,0,0.0,0,0.0,0,0,0,0.1319149600764225,0.0,0,100,25,3.0,15.0,0.0,-inf,-inf
0,0,14,0,100,50,20,0,1.5,100,100,0,0,15.555411253934125,0,15.555411253934125,8,0,8,0.0580318537792374,0.0,0,100,50,3.0,29.44,0.0,-inf,-inf
0,0,14,0,100,100,20,0,1.5,100,48,4,48,644.8773878703539,0,644.8773878703539,369,0,369,2.4348012325975583,2.619567866404553,0,100,100,3.0,35.401666666666664,0.0,-3.7580470866554094,-88.66948207937406
0,0,14,0,100,200,20,0,1.5,100,33,4,63,534.9734409257482,0,534.9734409257482,395,0,395,3.2623941517591164,3.30945602481906,0,100,200,3.0,52.79416666666667,0.0,-54.608783549129015,-134.5735188856686
0,0,13,0,100,400,20,0,1.5,100,45,4,51,661.9209479006597,0,661.9209479006597,360,0,360,2.7250000000000005,2.7251619262105504,0,100,400,3.0,56.32666666666666,0.0,-24.020740971025702,-87.90360769251063
0,0,15,0,100,25,20,0,1.5,100,90,4,6,27.65222177179639,0,27.65222177179639,14,0,14,0.6104009054661177,0.4584856340424362,0,100,25,3.0,13.72,0.0,60.128147391661486,-61.13383681595104
0,0,15,0,100,50,20,0,1.5,100,100,0,0,3.627347682137017,0,3.627347682137017,3,0,3,0.0512019903782703,0.0,0,100,50,3.0,29.49,0.0,-inf,-inf
0,0,15,0,100,100,20,0,1.5,100,100,0,0,29.7601300137626,0,29.7601300137626,20,0,20,0.248,0.018783341726294,0,100,100,3.0,56.12166666666667,0.0,-87.9683514873631,-216.25211166048464
0,0,15,0,100,400,20,0,1.5,100,16,5,79,534.0461651253809,0,534.0461651253809,462,0,462,2.966963852052333,4.1284640385974,0,100,400,3.0,33.38583333333333,0.0,-634.5219167380988,-634.5219167380988
0,0,14,0,100,400,20,0,1.5,100,52,4,44,426.8779037239387,0,426.8779037239387,302,0,302,1.7470000000000003,2.3463818680883484,0,100,400,3.0,58.75266666666666,0.0,-21.017750243521988,-87.07549069914904
0,0,15,0,100,200,20,0,1.5,100,89,4,7,126.39886903989228,0,126.39886903989228,84,0,84,0.4400000000000042,0.4929198940557937,0,100,200,3.0,85.443,0.0,-4.494475882222787,-95.11620101810176
0,0,16,0,100,25,20,0,1.5,100,100,0,0,17.05330889136909,0,17.05330889136909,16,0,16,0.3636323975450219,0.0004,0,100,25,3.0,14.5,0.0,-3518.992519520715,-inf
0,0,17,0,100,25,20,0,1.5,100,100,0,0,16.516678199236164,0,16.516678199236164,19,0,19,0.3058348546588226,0.0122073646931262,0,100,25,3.0,13.29,0.0,-159.98615667556874,-239.58399851199272
0,0,17,0,100,50,20,0,1.5,100,75,14,11,137.33334168667238,0,137.33334168667238,125,0,125,0.9736386183933352,1.1941125422828236,0,100,50,3.0,18.868333333333336,0.0,35.036658748899754,-59.32095017418951
0,0,16,0,100,50,20,0,1.5,100,89,11,0,138.0109733898711,0,138.0109733898711,95,0,95,0.7576834451706502,0.5146708513738965,0,100,50,3.0,21.62833333333333,0.0,17.929027119235883,-77.06788858137875
0,0,16,0,100,100,20,0,1.5,100,6,1,93,708.0369475847934,0,708.0369475847934,526,0,526,4.341907816312199,4.67484908545777,0,100,100,3.0,9.83,0.0,-1072.13623577442,-1481.129435285907
0,0,16,0,100,200,20,0,1.5,100,19,4,77,748.7877141470225,0,748.7877141470225,458,0,458,3.470273516872029,4.049302883880432,0,100,200,3.0,33.6605,0.0,-214.03938269070272,-243.4375496353232
0,0,16,0,100,400,20,0,1.5,100,27,18,55,656.8688201808359,0,656.8688201808359,423,0,423,2.28,3.357936142363047,0,100,400,3.0,41.265,0.0,-96.8082359959274,-154.71520311129643
0,0,18,0,100,25,20,0,1.5,100,100,0,0,16.968466053741952,0,16.968466053741952,12,0,12,0.4288906592217175,0.0064996122568366,0,100,25,3.0,14.4,0.0,-269.2719947780702,-628.1442099012525
0,0,18,0,100,50,20,0,1.5,100,99,0,1,25.014353790803668,0,25.014353790803668,17,0,17,0.2475,0.0511257270597988,0,100,50,3.0,28.305,0.0,-53.00069701607637,-2518.149518356074
0,0,17,0,100,100,20,0,1.5,100,23,11,66,858.0660652297325,0,858.0660652297325,473,0,473,3.156041425630324,3.743925480945716,0,100,100,3.0,23.094666666666672,0.0,-169.28582169468734,-169.28582169468734
0,0,18,0,100,100,20,0,1.5,100,96,1,3,46.91871377218524,0,46.91871377218524,43,0,43,0.2455000000000001,0.242677037778058,0,100,100,3.0,55.06,0.0,-21.09679331283749,-88.83917237928145
0,0,17,0,100,200,20,0,1.5,100,13,11,76,949.0130484566756,0,949.0130484566756,453,0,453,4.100112708465997,4.17787045068265,0,100,200,3.0,30.647833333333335,0.0,-3659.929855259613,-4265.59273387134
0,0,18,0,100,200,20,0,1.5,100,43,1,56,709.2452870558265,0,709.2452870558265,381,0,381,3.123780641705495,2.986712037625364,0,100,200,3.0,45.43716666666667,0.0,-70.29266956223725,-110.45305529203613
0,0,17,0,100,400,20,0,1.5,100,88,5,7,123.2458613898824,0,123.2458613898824,94,0,94,0.4795000000000007,0.581293726860075,0,100,400,3.0,85.56299999999999,0.0,-0.0726392059514182,-77.17697588474618
0,0,19,0,100,25,20,0,1.5,100,100,0,0,32.43738772562582,0,32.43738772562582,30,0,30,0.5391657173395146,0.0008,0,100,25,3.0,14.455,0.0,-586.9148077064527,-inf
0,0,19,0,100,50,20,0,1.5,100,98,2,0,46.80305509512745,0,46.80305509512745,40,0,40,0.4208830868444498,0.0754690007105652,0,100,50,3.0,27.85333333333333,0.0,-31.190191458693107,-192.36067640688535
0,0,19,0,100,100,20,0,1.5,100,79,8,13,201.79847533229724,0,201.79847533229724,110,0,110,0.7425000000000003,0.9531712597914288,0,100,100,3.0,41.810333333333325,0.0,53.20729347974125,-59.07353339272913
0,0,18,0,100,400,20,0,1.5,100,14,12,74,602.5036840432188,0,602.5036840432188,377,0,377,2.151874413837399,4.068157884593972,0,100,400,3.0,39.04783333333333,0.0,-3470.237132210608,-4511.112429104844
0,0,19,0,100,200,20,0,1.5,100,59,4,37,379.5906832332354,0,379.5906832332354,259,0,259,2.6467272784106304,2.009163820157022,0,100,200,3.0,67.50366666666666,0.0,-8.60303166412794,-95.35976577546803
0,0,20,0,100,25,20,0,1.5,100,100,0,0,0.0,0,0.0,0,0,0,0.18590441314502,0.0,0,100,25,3.0,15.0,0.0,-inf,-inf
0,0,20,0,100,50,20,0,1.5,100,21,41,38,391.4311707479152,0,391.4311707479152,182,0,182,2.290320461757748,3.2527783793614056,0,100,50,3.0,12.089833333333331,0.0,-427.0170604637492,-656.1054790213989
0,0,20,0,100,100,20,0,1.5,100,59,14,27,293.71075226076465,0,293.71075226076465,241,0,241,2.469081792313906,1.9130886274700905,0,100,100,3.0,34.52766666666666,0.0,0.2911314492818064,-70.52876324506718
0,0,19,0,100,400,20,0,1.5,100,34,7,59,770.0673294047867,0,770.0673294047867,388,0,388,2.2335000000000007,3.254816760343666,0,100,400,3.0,47.21433333333332,0.0,-78.42716134106303,-106.1362894111196
0,0,20,0,100,400,20,0,1.5,100,45,8,47,708.8095443639301,0,708.8095443639301,347,0,347,1.9805000000000008,2.6349768176175656,0,100,400,3.0,59.55133333333333,0.0,-59.33512296444411,-65.29554636309075
0,0,20,0,100,200,20,0,1.5,100,51,4,45,589.9102321376108,0,589.9102321376108,300,0,300,3.1875683335014613,2.4698436183522743,0,100,200,3.0,54.22616666666667,0.0,-10.058152464714794,-65.03261291150267
0,0,1,0,100,100,40,0,1.5,100,15,5,80,873.499427857487,0,873.499427857487,502,0,502,3.145138553868271,4.14321902323402,0,100,100,3.0,33.95633333333333,0.0,-180.4373538390746,-210.4269674048345
0,0,1,0,100,100,20,0,1.5,100,24,14,62,619.0103506133275,0,619.0103506133275,357,0,357,3.788113726943124,3.5214604758372685,0,100,100,3.0,32.48916666666666,0.0,-64.94835011200473,-158.15925176981614
0,0,2,0,100,100,80,0,1.5,100,100,0,0,19.15167918754764,0,19.15167918754764,12,0,12,0.2830312490978834,0.0174424377327221,0,100,100,3.0,78.7925,0.0,-528.9273935221202,-3847.122768648306
0,0,2,0,100,100,10,0,1.5,100,67,13,20,235.4698604480212,0,235.4698604480212,132,0,132,3.917079598348268,1.5600706933865356,0,100,100,3.0,51.80333333333333,0.0,-0.3562860201164142,-48.64147000462498
0,0,2,0,100,100,20,0,1.5,100,91,6,3,94.8638530592449,0,94.8638530592449,76,0,76,0.248,0.3735203348888906,0,100,100,3.0,65.536,0.0,0.179756904791219,-77.86179147386815
0,0,1,0,100,100,80,0,1.5,100,55,8,37,431.1416438397112,0,431.1416438397112,279,0,279,1.832469805563064,2.07528649089269,0,100,100,3.0,48.387,0.0,-28.44069109367112,-107.82582504572744
0,0,2,0,100,100,40,0,1.5,100,85,9,6,102.76387460596038,0,102.76387460596038,106,0,106,0.438852518392629,0.5375890958350559,0,100,100,3.0,64.44516666666667,0.0,-76.39757927075507,-95.74972517934944
0,0,1,0,100,100,100,0,1.5,100,62,10,28,253.80362132935065,0,253.80362132935065,213,0,213,1.2112002339706327,1.7578172615134997,0,100,100,3.0,53.4755,0.0,7.484580914297879,-76.43782039117289
0,0,1,0,100,100,10,0,1.5,100,81,3,16,267.5923222452261,0,267.5923222452261,177,0,177,0.9540000000000032,1.0095935634573114,0,100,100,3.0,55.88916666666667,0.0,9.853271065503208,-71.78507596582813
0,0,4,0,100,100,10,0,1.5,100,23,2,75,783.0505752699027,0,783.0505752699027,435,0,435,4.502000000000001,3.907683444774444,0,100,100,3.0,25.18133333333333,0.0,-127.50246017584904,-240.3934852471048
0,0,3,0,100,100,40,0,1.5,100,13,2,85,1083.8500732530083,0,1083.8500732530083,468,0,468,3.294247435162101,4.307654230736216,0,100,100,3.0,28.7285,0.0,-4346.339312590408,-4388.835380601395
0,0,3,0,100,100,10,0,1.5,100,26,6,68,693.2132571462959,0,693.2132571462959,424,0,424,4.337886798266302,3.6274733127442103,0,100,100,3.0,35.613666666666674,0.0,-126.6508425849434,-166.86187456776992
0,0,3,0,100,100,80,0,1.5,100,35,7,58,868.8661928279201,0,868.8661928279201,386,0,386,2.0213743126844936,3.2263929310466573,0,100,100,3.0,35.017833333333336,0.0,-14.448801479048626,-66.69920389639373
0,0,3,0,100,100,100,0,1.5,100,39,10,51,609.0481116588929,0,609.0481116588929,337,0,337,1.8225255437664325,3.036151218231601,0,100,100,3.0,36.70116666666667,0.0,-58.47087871382882,-91.37589279314648
0,0,3,0,100,100,20,0,1.5,100,99,0,1,21.62805724331964,0,21.62805724331964,18,0,18,0.0,0.0427746334722806,0,100,100,3.0,76.35666666666665,0.0,-135.2988718071815,-289.62085388451607
0,0,4,0,100,100,20,0,1.5,100,86,5,9,127.45187329366672,0,127.45187329366672,125,0,125,0.7470000000000001,0.7170806468907842,0,100,100,3.0,61.612166666666674,0.0,24.92635554939065,-49.053562278229066
0,0,2,0,100,100,100,0,1.5,100,63,3,34,370.7026294073469,0,370.7026294073469,263,0,263,1.0211218850007922,1.811483001270714,0,100,100,3.0,63.21133333333334,0.0,-62.386805080307056,-112.91694442376152
0,0,5,0,100,100,100,0,1.5,100,30,2,68,829.809774498658,0,829.809774498658,425,0,425,1.7564959513513807,3.5243673663765263,0,100,100,3.0,37.96483333333334,0.0,-90.58265185056648,-127.30102190594464
0,0,4,0,100,100,100,0,1.5,100,37,7,56,784.48205873019,0,784.48205873019,381,0,381,1.785639930527845,3.102104465774156,0,100,100,3.0,38.61133333333333,0.0,-43.24840288544891,-95.92760454961694
0,0,5,0,100,100,20,0,1.5,100,7,0,93,929.0280026372338,0,929.0280026372338,492,0,492,3.935447975958548,4.637639418072656,0,100,100,3.0,28.12333333333333,0.0,-4300.094319791879,-4639.911930496844
0,0,5,0,100,100,40,0,1.5,100,100,0,0,8.307504509803112,0,8.307504509803112,15,0,15,0.0297530842812596,0.0,0,100,100,3.0,74.75,0.0,-inf,-inf
0,0,5,0,100,100,10,0,1.5,100,40,9,51,643.3219391285863,0,643.3219391285863,349,0,349,3.555,2.948548134667807,0,100,100,3.0,37.17,0.0,-80.48499148050357,-80.48499148050357
0,0,5,0,100,100,80,0,1.5,100,41,9,50,753.2252065798044,0,753.2252065798044,364,0,364,1.9365766928875856,2.860048826398583,0,100,100,3.0,43.064833333333326,0.0,-26.846822134748606,-71.52463486045303
0,0,4,0,100,100,80,0,1.5,100,70,8,22,226.00217109373492,0,226.00217109373492,193,0,193,1.314365010569365,1.4958432588822592,0,100,100,3.0,52.175666666666665,0.0,20.072903523975494,-75.44289575932373
0,0,4,0,100,100,40,0,1.5,100,83,4,13,164.80876269952648,0,164.80876269952648,104,0,104,0.7571596734219378,0.7854364582560451,0,100,100,3.0,66.70833333333333,0.0,-2.97238944700797,-62.2014774455148
0,0,7,0,100,100,10,0,1.5,100,37,8,55,711.1343058353954,0,711.1343058353954,392,0,392,4.997,3.2113436748446715,0,100,100,3.0,32.76983333333333,0.0,-112.818230224015,-130.11371443481613
0,0,7,0,100,100,80,0,1.5,100,27,7,66,841.1389534938876,0,841.1389534938876,369,0,369,2.0305657041526843,3.5527700357095484,0,100,100,3.0,39.03083333333333,0.0,-323.957308838198,-714.2564563455564
0,0,7,0,100,100,20,0,1.5,100,100,0,0,16.76205851490412,0,16.76205851490412,12,0,12,0.211500000000004,0.0006,0,100,100,3.0,77.92333333333333,0.0,-3353.13503138798,-4089.476404928781
0,0,6,0,100,100,100,0,1.5,100,40,2,58,546.2371455493301,0,546.2371455493301,377,0,377,1.763383372001337,3.0319748597217533,0,100,100,3.0,41.371833333333335,0.0,-48.8343540892372,-104.60600481687686
0,0,6,0,100,100,40,0,1.5,100,78,6,16,157.55994412041278,0,157.55994412041278,120,0,120,0.9350808762436424,0.9937994390481596,0,100,100,3.0,61.674,0.0,-46.80993623383088,-79.90824144084851
0,0,6,0,100,100,80,0,1.5,100,84,2,14,141.0090816158833,0,141.0090816158833,85,0,85,0.6223181413017849,0.7522980380668216,0,100,100,3.0,69.5375,0.0,-71.32866899210302,-127.13999964442218
0,0,6,0,100,100,20,0,1.5,100,95,2,3,41.30940599939292,0,41.30940599939292,41,0,41,0.3677032590623058,0.2087975664822138,0,100,100,3.0,74.81916666666666,0.0,-128.66744690041926,-161.3098665702953
0,0,6,0,100,100,10,0,1.5,100,53,7,40,643.8276690866309,0,643.8276690866309,341,0,341,3.527,2.312618483095703,0,100,100,3.0,52.746,0.0,-27.385755463392517,-70.57106717560356
0,0,7,0,100,100,40,0,1.5,100,69,10,21,320.0425455399498,0,320.0425455399498,239,0,239,0.8563675208319157,1.4198803019598365,0,100,100,3.0,56.26733333333335,0.0,-30.76031572043064,-76.49710810035043
0,0,8,0,100,100,40,0,1.5,100,13,2,85,640.5782122788345,0,640.5782122788345,512,0,512,3.0413699038061925,4.289560122873816,0,100,100,3.0,24.038833333333336,0.0,-198.87652443411545,-963.8900409047952
0,0,7,0,100,100,100,0,1.5,100,28,6,66,598.6531139052914,0,598.6531139052914,384,0,384,1.926977878851196,3.5979380305304107,0,100,100,3.0,29.19883333333333,0.0,-115.26367753433324,-170.7382277306844
0,0,9,0,100,100,20,0,1.5,100,26,9,65,889.1130505764605,0,889.1130505764605,412,0,412,3.906211793808486,3.610295983928156,0,100,100,3.0,32.733666666666664,0.0,-210.10059619140304,-314.373647273085
0,0,9,0,100,100,10,0,1.5,100,27,4,69,665.8466798301491,0,665.8466798301491,402,0,402,4.509,3.65331153302196,0,100,100,3.0,31.774000000000004,0.0,-161.1149912511084,-269.7692315871761
0,0,8,0,100,100,80,0,1.5,100,28,8,64,565.4195535721772,0,565.4195535721772,434,0,434,2.1756638656394864,3.623387487196801,0,100,100,3.0,29.873,0.0,-494.61145366052415,-723.2402455960739
0,0,8,0,100,100,10,0,1.5,100,37,7,56,566.7106143891929,0,566.7106143891929,360,0,360,4.508,3.117813026419863,0,100,100,3.0,40.12500000000001,0.0,-76.06481795483379,-95.51865793848188
0,0,8,0,100,100,100,0,1.5,100,97,2,1,58.61681541069625,0,58.61681541069625,39,0,39,0.3216416399036162,0.1778665716593373,0,100,100,3.0,73.48516666666666,0.0,-20.653974667732825,-69.79747622012547
0,0,8,0,100,100,20,0,1.5,100,42,9,49,858.0785464112301,0,858.0785464112301,366,0,366,4.253293091249874,2.8228671700062584,0,100,100,3.0,41.69116666666667,0.0,-117.98300291709148,-117.98300291709148
0,0,10,0,100,100,40,0,1.5,100,18,0,82,714.738485477907,0,714.738485477907,476,0,476,3.087358831521011,4.115210586746157,0,100,100,3.0,27.8475,0.0,-336.8350092757846,-494.232698734138
0,0,9,0,100,100,40,0,1.5,100,13,6,81,577.1963257563998,0,577.1963257563998,505,0,505,3.214148712796022,4.211907019221911,0,100,100,3.0,30.6885,0.0,-313.45625618666725,-390.6873060324092
0,0,9,0,100,100,80,0,1.5,100,16,13,71,979.2295975465483,0,979.2295975465483,448,0,448,2.5951426593839573,3.909025717542424,0,100,100,3.0,26.932,0.0,-242.93557082858,-355.2580835518826
0,0,10,0,100,100,10,0,1.5,100,47,8,45,517.954552873367,0,517.954552873367,358,0,358,3.5450000000000004,2.550913711365292,0,100,100,3.0,44.324333333333335,0.0,-20.965367408919377,-85.7522122200682
0,0,9,0,100,100,100,0,1.5,100,45,9,46,757.8158723476278,0,757.8158723476278,368,0,368,1.6139588412563477,2.6373830548446064,0,100,100,3.0,43.40416666666667,0.0,-18.1321939459196,-63.573140791108585
0,0,10,0,100,100,20,0,1.5,100,93,5,2,82.6610197205257,0,82.6610197205257,45,0,45,0.2595359625829029,0.2192884924460388,0,100,100,3.0,73.34633333333333,0.0,-8.151733645580038,-74.97487533813512
0,0,10,0,100,100,100,0,1.5,100,94,2,4,64.4741616562741,0,64.4741616562741,36,0,36,0.4611106128459283,0.3431305140685246,0,100,100,3.0,71.02416666666666,0.0,12.00205362155532,-68.43248480820199
0,0,10,0,100,100,80,0,1.5,100,75,9,16,234.24284022683327,0,234.24284022683327,166,0,166,0.7125139076257797,1.139008844971632,0,100,100,3.0,60.9665,0.0,12.643106037428993,-71.79730547428656
0,0,11,0,100,100,20,0,1.5,100,18,0,82,781.5567791477691,0,781.5567791477691,468,0,468,4.801415310783351,4.160574940950273,0,100,100,3.0,23.35833333333333,0.0,-450.7886616769483,-1070.952830825041
0,0,11,0,100,100,80,0,1.5,100,26,8,66,703.0385387764796,0,703.0385387764796,396,0,396,2.021694853116169,3.5519479951750683,0,100,100,3.0,36.0375,0.0,-123.41729318629226,-157.44963518785698
0,0,11,0,100,100,10,0,1.5,100,100,0,0,20.2214226667639,0,20.2214226667639,17,0,17,0.0,0.0179002821753894,0,100,100,3.0,76.375,0.0,-2067.929300188532,-3169.5023590991705
0,0,11,0,100,100,100,0,1.5,100,44,3,53,573.4707273237793,0,573.4707273237793,343,0,343,1.8723977434834824,2.9231655041795728,0,100,100,3.0,39.67683333333333,0.0,-70.46571572863269,-93.50626543686354
0,0,12,0,100,100,40,0,1.5,100,39,9,52,618.2113042568686,0,618.2113042568686,378,0,378,2.7697059453637363,3.034229724172676,0,100,100,3.0,36.12266666666667,0.0,-73.8169009679153,-79.66791360971567
0,0,12,0,100,100,20,0,1.5,100,89,4,7,89.20696259667659,0,89.20696259667659,83,0,83,0.7365000000000004,0.5471399899380199,0,100,100,3.0,67.6665,0.0,4.389423870824004,-60.51839426643278
0,0,11,0,100,100,40,0,1.5,100,55,23,22,370.7837357348701,0,370.7837357348701,213,0,213,2.84263503331218,1.9553730362794024,0,100,100,3.0,47.964333333333336,0.0,47.46131285913853,-69.76191915298256
0,0,12,0,100,100,10,0,1.5,100,72,7,21,328.5423575218901,0,328.5423575218901,189,0,189,3.032227846023282,1.3995337927540208,0,100,100,3.0,57.07116666666667,0.0,8.297865667994614,-76.80878480092832
0,0,12,0,100,100,80,0,1.5,100,76,7,17,341.1848942531953,0,341.1848942531953,145,0,145,0.7907270154730078,1.141473516954865,0,100,100,3.0,58.89466666666667,0.0,-14.484169228419148,-111.43179552720568
0,0,13,0,100,100,10,0,1.5,100,43,5,52,626.6407832219105,0,626.6407832219105,357,0,357,3.17,2.778765282154382,0,100,100,3.0,44.31216666666666,0.0,-45.0833785588257,-96.74160574164696
0,0,13,0,100,100,40,0,1.5,100,29,8,63,589.9934648857592,0,589.9934648857592,378,0,378,2.933558305572825,3.4276391887383806,0,100,100,3.0,34.303666666666665,0.0,-170.93519382036743,-261.9086889034244
0,0,14,0,100,100,20,0,1.5,100,97,0,3,61.93780659431694,0,61.93780659431694,34,0,34,0.4657189255092868,0.1700619611647426,0,100,100,3.0,74.87833333333334,0.0,-63.92640870651499,-100.03388301811955
0,0,13,0,100,100,20,0,1.5,100,53,11,36,347.1359683480429,0,347.1359683480429,263,0,263,3.048327513288069,2.2339475023187627,0,100,100,3.0,49.56083333333334,0.0,15.657539206485154,-80.2367604798574
0,0,14,0,100,100,10,0,1.5,100,95,3,2,73.40140079552245,0,73.40140079552245,53,0,53,1.444000000000002,0.3057240844339067,0,100,100,3.0,71.51666666666667,0.0,2.3190193044028438,-92.3796225581653
0,0,13,0,100,100,100,0,1.5,100,87,3,10,121.94677298018244,0,121.94677298018244,88,0,88,0.607997080150404,0.691684781269759,0,100,100,3.0,64.71983333333334,0.0,-57.52575231327157,-75.50627955428703
0,0,12,0,100,100,100,0,1.5,100,83,8,9,219.0792630712262,0,219.0792630712262,97,0,97,0.4195413304044459,0.7780931339678312,0,100,100,3.0,61.00166666666667,0.0,6.137736382593147,-87.05659096564221
0,0,13,0,100,100,80,0,1.5,100,57,4,39,490.4485826245417,0,490.4485826245417,286,0,286,1.641297165179693,2.0797055615283955,0,100,100,3.0,56.4795,0.0,-0.3192724330928342,-91.63971100892525
0,0,15,0,100,100,80,0,1.5,100,24,9,67,700.9634763730095,0,700.9634763730095,476,0,476,1.999862325787688,3.66741867062324,0,100,100,3.0,35.10633333333334,0.0,-221.1341763845445,-221.85791863851307
0,0,15,0,100,100,40,0,1.5,100,11,0,89,706.6821912814075,0,706.6821912814075,433,0,433,3.109261781827256,4.45,0,100,100,3.0,23.35633333333333,0.0,-4003.288513528829,-4333.384231300066
0,0,15,0,100,100,20,0,1.5,100,40,11,49,558.3493873612218,0,558.3493873612218,358,0,358,3.3163474909430755,2.7926447154216447,0,100,100,3.0,41.679,0.0,-37.08600862849556,-76.61314686368496
0,0,15,0,100,100,100,0,1.5,100,100,0,0,7.442119461423621,0,7.442119461423621,3,0,3,0.2837250614283259,0.0061291012141379,0,100,100,3.0,79.315,0.0,-226.41980159783964,-2759.3942356729017
0,0,14,0,100,100,100,0,1.5,100,45,7,48,585.7406582350534,0,585.7406582350534,358,0,358,1.7030352273989269,2.736072057007764,0,100,100,3.0,43.321333333333335,0.0,-14.34264751963633,-99.5733011078528
0,0,15,0,100,100,10,0,1.5,100,57,8,35,510.7125096699993,0,510.7125096699993,293,0,293,3.1450000000000093,2.077248186610872,0,100,100,3.0,49.19566666666667,0.0,3.665838253153652,-78.91125283713899
0,0,14,0,100,100,80,0,1.5,100,94,2,4,74.93738464555041,0,74.93738464555041,37,0,37,0.5525493434845667,0.3025447392783262,0,100,100,3.0,74.07833333333333,0.0,-1.8567131743403136,-143.84446668752796
0,0,14,0,100,100,40,0,1.5,100,64,15,21,567.9690582643225,0,567.9690582643225,256,0,256,2.6580055459929435,1.7807013697973044,0,100,100,3.0,45.01866666666667,0.0,43.36977900979284,-78.49597092943304
0,0,17,0,100,100,10,0,1.5,100,33,8,59,492.230300249235,0,492.230300249235,336,0,336,4.693537312400331,3.210800483535317,0,100,100,3.0,39.83166666666666,0.0,-180.5053692632221,-303.8468302854603
0,0,17,0,100,100,20,0,1.5,100,29,8,63,657.2695221297411,0,657.2695221297411,398,0,398,3.993022410634962,3.440754211099561,0,100,100,3.0,35.092,0.0,-170.44876045559045,-210.91488620694253
0,0,17,0,100,100,80,0,1.5,100,23,7,70,534.8162797262789,0,534.8162797262789,456,0,456,1.985102324850092,3.736338610488137,0,100,100,3.0,37.45083333333333,0.0,-151.60482893736378,-166.83887411458227
0,0,16,0,100,100,10,0,1.5,100,96,2,2,47.89232286005556,0,47.89232286005556,32,0,32,0.4680000000000017,0.187089219267616,0,100,100,3.0,75.91666666666667,0.0,-31.106896925307662,-162.19969450779763
0,0,17,0,100,100,40,0,1.5,100,100,0,0,38.39598949883288,0,38.39598949883288,19,0,19,0.3268128205061544,0.0821040509843284,0,100,100,3.0,74.735,0.0,-26.346909229378294,-108.36583663030468
0,0,16,0,100,100,100,0,1.5,100,95,2,3,118.78838235314116,0,118.78838235314116,67,0,67,0.3096707008686341,0.2794603945679075,0,100,100,3.0,73.14333333333335,0.0,-44.252742701138345,-69.98900879351896
0,0,16,0,100,100,80,0,1.5,100,73,8,19,227.9140881127721,0,227.9140881127721,161,0,161,0.6553600755183412,1.222406684228084,0,100,100,3.0,57.4545,0.0,12.480074890868195,-65.3376697532612
0,0,16,0,100,100,20,0,1.5,100,83,4,13,154.1517228175648,0,154.1517228175648,78,0,78,1.5001444092204603,0.8192792170047041,0,100,100,3.0,62.11416666666666,0.0,40.42596258072038,-46.05289097320417
0,0,16,0,100,100,40,0,1.5,100,76,4,20,318.6758006442621,0,318.6758006442621,164,0,164,0.3895353580448567,1.1503388955436826,0,100,100,3.0,66.04333333333334,0.0,1.8712230997105903,-93.74366618704698
0,0,18,0,100,100,20,0,1.5,100,12,0,88,599.124512072186,0,599.124512072186,408,0,408,4.476424455575431,4.380435954892658,0,100,100,3.0,24.188,0.0,-3843.580334809361,-4254.209245766285
0,0,19,0,100,100,10,0,1.5,100,31,4,65,885.719389782795,0,885.719389782795,422,0,422,4.481804834373728,3.4582618370096387,0,100,100,3.0,35.13333333333333,0.0,-119.20684744005824,-204.77453886541664
0,0,18,0,100,100,40,0,1.5,100,36,12,52,676.1105877418106,0,676.1105877418106,391,0,391,2.94860128572867,3.107037178597549,0,100,100,3.0,35.294,0.0,-92.76283842910637,-111.8174296610594
0,0,18,0,100,100,10,0,1.5,100,48,10,42,533.4043164802351,0,533.4043164802351,279,0,279,4.521,2.5649038251799623,0,100,100,3.0,38.51883333333333,0.0,-133.66807828481626,-139.33919403404764
0,0,18,0,100,100,100,0,1.5,100,36,6,58,649.8066512189166,0,649.8066512189166,406,0,406,1.602229348113121,3.198168751565281,0,100,100,3.0,39.06933333333333,0.0,-29.49899349567349,-81.04423848775781
0,0,19,0,100,100,20,0,1.5,100,81,10,9,146.63897926560327,0,146.63897926560327,95,0,95,0.9850000000000004,0.8782210848140878,0,100,100,3.0,59.38833333333334,0.0,16.255122644929997,-53.21117121526527
0,0,17,0,100,100,100,0,1.5,100,99,1,0,11.339497500526102,0,11.339497500526102,15,0,15,0.2901826858079775,0.030981801727331,0,100,100,3.0,77.78,0.0,-133.4733557118637,-3522.1718882192254
0,0,18,0,100,100,80,0,1.5,100,63,7,30,507.49661274776383,0,507.49661274776383,251,0,251,1.6505478709629624,1.87704892741912,0,100,100,3.0,49.13766666666668,0.0,-29.585273066010014,-76.54936185443157
0,0,20,0,100,100,10,0,1.5,100,18,1,81,556.7580370739914,0,556.7580370739914,468,0,468,3.807166495639918,4.131830363355575,0,100,100,3.0,24.642166666666668,0.0,-276.5972525795303,-392.3295515425732
0,0,19,0,100,100,100,0,1.5,100,23,3,74,987.6819619016512,0,987.6819619016512,444,0,444,1.811679934489668,3.823132589567916,0,100,100,3.0,28.281166666666667,0.0,-68.41088139903275,-110.37840234190446
0,0,20,0,100,100,40,0,1.5,100,18,4,78,761.9141384538647,0,761.9141384538647,471,0,471,3.1879498585333605,4.111361659937092,0,100,100,3.0,27.755500000000005,0.0,-116.91971158954058,-208.42518645076893
0,0,19,0,100,100,80,0,1.5,100,67,7,26,467.4717520834012,0,467.4717520834012,206,0,206,2.035952133589105,1.6729568000495842,0,100,100,3.0,47.251,0.0,-19.04114788004261,-89.36714402286358
0,0,20,0,100,100,20,0,1.5,100,63,6,31,217.12567426108237,0,217.12567426108237,261,0,261,1.973032059173132,1.8095053915007453,0,100,100,3.0,54.234,0.0,0.1303841295864458,-72.60739982605784
0,0,19,0,100,100,40,0,1.5,100,52,8,40,624.1670063405061,0,624.1670063405061,287,0,287,2.801139625093376,2.3543579007653075,0,100,100,3.0,46.36083333333333,0.0,13.415380817777248,-85.8004504304217
0,0,20,0,100,100,80,0,1.5,100,75,7,18,313.04462420891906,0,313.04462420891906,181,0,181,0.3917332710432427,1.2008713600041676,0,100,100,3.0,54.77166666666667,0.0,18.495496337018125,-58.55361102912244
0,0,20,0,100,100,100,0,1.5,100,63,9,28,458.5688342340943,0,458.5688342340943,241,0,241,1.396123192921265,1.760882988609898,0,100,100,3.0,62.8925,0.0,16.629920142436703,-68.37279851860035
0,0,21,0,100,100,40,0,1.5,100,3,0,97,682.9736067435135,0,682.9736067435135,497,0,497,3.232393269073687,4.8497,0,100,100,3.0,13.93233333333333,0.0,-4586.227094030456,-4866.471478513005
0,0,22,0,100,100,20,0,1.5,100,11,9,80,800.4491822513128,0,800.4491822513128,449,0,449,4.47522356034174,4.257599723174984,0,100,100,3.0,26.237166666666667,0.0,-4224.125455092071,-4676.119394419328
0,0,21,0,100,100,20,0,1.5,100,39,5,56,830.3380467307983,0,830.3380467307983,344,0,344,4.157177297508308,3.132922994924842,0,100,100,3.0,36.153333333333336,0.0,-134.29368765762916,-152.80342826651497
0,0,22,0,100,100,40,0,1.5,100,99,0,1,11.952119113516922,0,11.952119113516922,18,0,18,0.2092906979727196,0.0559396926287203,0,100,100,3.0,78.03033333333333,0.0,-147.1009434155309,-171.8723197326952
0,0,21,0,100,100,100,0,1.5,100,94,3,3,86.2957224265398,0,86.2957224265398,53,0,53,0.3559677340999935,0.2915319436254771,0,100,100,3.0,72.84116666666667,0.0,-0.8757054842653247,-73.59114349224981
0,0,21,0,100,100,10,0,1.5,100,96,2,2,45.01504781177102,0,45.01504781177102,24,0,24,0.0,0.1994983480263386,0,100,100,3.0,75.16199999999999,0.0,-26.773634850057874,-50.28208271651718
0,0,22,0,100,100,80,0,1.5,100,85,8,7,114.45712864915544,0,114.45712864915544,69,0,69,0.3804854836605316,0.660551998124314,0,100,100,3.0,64.89,0.0,27.935527147513568,-63.07222205809171
0,0,21,0,100,100,80,0,1.5,100,75,6,19,325.1234377119316,0,325.1234377119316,193,0,193,0.6071182436837335,1.233010057804144,0,100,100,3.0,61.32283333333333,0.0,-2.815822624377091,-76.90164295171326
0,0,22,0,100,100,10,0,1.5,100,92,5,3,64.04740917979565,0,64.04740917979565,80,0,80,0.4670000000000026,0.3081446861426176,0,100,100,3.0,68.20366666666666,0.0,-48.44959502103427,-75.06659493996094
0,0,24,0,100,100,20,0,1.5,100,13,1,86,651.0191180057728,0,651.0191180057728,451,0,451,4.030788072802461,4.325428422690382,0,100,100,3.0,21.86116666666667,0.0,-3586.201398790442,-4243.111504671766
0,0,22,0,100,100,100,0,1.5,100,11,1,88,905.560251297748,0,905.560251297748,492,0,492,2.110624314305509,4.418509653083785,0,100,100,3.0,21.518500000000003,0.0,-1069.4920306666038,-1230.713960035693
0,0,23,0,100,100,40,0,1.5,100,21,0,79,635.3795675723431,0,635.3795675723431,431,0,431,3.252734926541885,3.953608003098298,0,100,100,3.0,32.12466666666667,0.0,-1227.8186034362636,-1408.9887734776194
0,0,23,0,100,100,100,0,1.5,100,23,10,67,759.767950854958,0,759.767950854958,386,0,386,2.0051306480273388,3.661163643472658,0,100,100,3.0,31.207166666666676,0.0,-202.28098323156257,-271.16304079648
0,0,23,0,100,100,20,0,1.5,100,6,1,93,816.704162447075,0,816.704162447075,419,0,419,4.824124601425428,4.647224766971954,0,100,100,3.0,22.747,0.0,-4616.720910671078,-4731.311637642727
0,0,23,0,100,100,10,0,1.5,100,51,6,43,484.4845510609069,0,484.4845510609069,321,0,321,4.0945317446697,2.472092779441285,0,100,100,3.0,41.24850000000001,0.0,-6.910431250358954,-91.67829903160116
0,0,23,0,100,100,80,0,1.5,100,34,15,51,473.762627456258,0,473.762627456258,382,0,382,2.0287471797632053,2.9852524781883187,0,100,100,3.0,40.54816666666667,0.0,-39.05513869108572,-65.50096817364437
0,0,24,0,100,100,10,0,1.5,100,89,6,5,66.89042374890673,0,66.89042374890673,56,0,56,0.9820000000000004,0.494728561989177,0,100,100,3.0,65.6825,0.0,26.347716838524832,-81.4441977135412
0,0,24,0,100,100,80,0,1.5,100,25,6,69,597.0337462315184,0,597.0337462315184,450,0,450,1.9007555376250815,3.669226340957513,0,100,100,3.0,34.508833333333335,0.0,-152.08200134514698,-181.25761727321515
0,0,25,0,100,100,40,0,1.5,100,27,8,65,559.4760760443306,0,559.4760760443306,431,0,431,2.818771264088455,3.5373331446864054,0,100,100,3.0,36.49033333333333,0.0,-149.98721965731863,-191.976845690162
0,0,25,0,100,100,10,0,1.5,100,32,11,57,841.5205205805954,0,841.5205205805954,359,0,359,3.99886702867038,3.2223064380902584,0,100,100,3.0,35.14266666666667,0.0,-181.2597949567134,-238.6728253598593
0,0,25,0,100,100,100,0,1.5,100,32,6,62,609.0509781550321,0,609.0509781550321,385,0,385,1.6854512846176093,3.3288600891494697,0,100,100,3.0,35.09983333333333,0.0,-49.88125864001219,-137.25250685324215
0,0,24,0,100,100,40,0,1.5,100,21,10,69,667.0775851852123,0,667.0775851852123,425,0,425,3.689604606872855,3.843689291118236,0,100,100,3.0,31.21933333333333,0.0,-141.55982986443323,-212.89071043124045
0,0,25,0,100,100,20,0,1.5,100,98,1,1,24.482221542175868,0,24.482221542175868,22,0,22,0.2480785880989311,0.0924582912581522,0,100,100,3.0,77.55166666666668,0.0,-111.78702956188856,-183.03051340195924
0,0,25,0,100,100,80,0,1.5,100,96,1,3,47.15671212492044,0,47.15671212492044,47,0,47,0.3378571152790681,0.1980828550476641,0,100,100,3.0,74.9575,0.0,-72.12600657457341,-172.26745875143473
0,0,24,0,100,100,100,0,1.5,100,61,4,35,435.0100256063564,0,435.0100256063564,241,0,241,1.4790423261020045,1.9314756033184124,0,100,100,3.0,51.00483333333334,0.0,-31.276415033848167,-85.50372641245269
0,0,26,0,100,100,80,0,1.5,100,32,6,62,796.6941945087518,0,796.6941945087518,393,0,393,1.7467076696657615,3.320250026435544,0,100,100,3.0,35.41183333333334,0.0,-147.99898290658484,-193.25448135869573
0,0,27,0,100,100,10,0,1.5,100,16,10,74,453.3262142862474,0,453.3262142862474,451,0,451,4.033,4.0117623492367365,0,100,100,3.0,29.151166666666665,0.0,-235.31641167283303,-429.3719570958005
0,0,27,0,100,100,20,0,1.5,100,51,5,44,558.1795027037055,0,558.1795027037055,345,0,345,3.5369943289429946,2.580656728408808,0,100,100,3.0,43.007333333333335,0.0,5.48031281374702,-90.93761687165828
0,0,26,0,100,100,10,0,1.5,100,94,3,3,68.66077093314723,0,68.66077093314723,47,0,47,0.4900000000000005,0.2371405909547029,0,100,100,3.0,73.96666666666665,0.0,-24.722305103675325,-69.28882196314913
0,0,27,0,100,100,40,0,1.5,100,97,0,3,37.82525675655487,0,37.82525675655487,29,0,29,0.3395786896482747,0.1469947513239157,0,100,100,3.0,75.57566666666666,0.0,-77.2910657050856,-319.15820430638644
0,0,27,0,100,100,80,0,1.5,100,42,6,52,406.69712015157177,0,406.69712015157177,305,0,305,2.1862539643977144,2.869508163537956,0,100,100,3.0,36.514,0.0,-27.682926606503884,-90.68142100803072
0,0,26,0,100,100,20,0,1.5,100,91,1,8,202.84925399657612,0,202.84925399657612,98,0,98,0.7415000000000002,0.5366028404994002,0,100,100,3.0,64.9965,0.0,39.11830058244973,-51.72386182611871
0,0,26,0,100,100,40,0,1.5,100,79,7,14,234.75543179110616,0,234.75543179110616,168,0,168,0.7451672500838835,0.9576507559353729,0,100,100,3.0,67.39416666666666,0.0,12.05938654750824,-96.1126339626073
0,0,26,0,100,100,100,0,1.5,100,85,2,13,240.4853293984149,0,240.4853293984149,125,0,125,0.5237558350383101,0.8034650187198652,0,100,100,3.0,62.79433333333333,0.0,-25.884840642500023,-69.32531657609661
0,0,29,0,100,100,10,0,1.5,100,19,1,80,566.975732727626,0,566.975732727626,453,0,453,4.995,4.026030203026984,0,100,100,3.0,25.644,0.0,-245.28049640386257,-539.3238597509999
0,0,27,0,100,100,100,0,1.5,100,23,5,72,916.4250402283668,0,916.4250402283668,438,0,438,1.9854221482228973,3.811166695598015,0,100,100,3.0,25.9625,0.0,-128.8128164809336,-218.3016439844316
0,0,28,0,100,100,100,0,1.5,100,24,0,76,672.6026663640451,0,672.6026663640451,442,0,442,1.982030658531632,3.825246777553392,0,100,100,3.0,32.21966666666667,0.0,-98.1888205692534,-181.4569446745586
0,0,29,0,100,100,20,0,1.5,100,97,1,2,60.7237427421007,0,60.7237427421007,32,0,32,0.5913871228718632,0.1279957415770343,0,100,100,3.0,75.76366666666667,0.0,-121.288866350446,-303.37989355738614
0,0,28,0,100,100,20,0,1.5,100,100,0,0,0.0,0,0.0,0,0,0,0.1064996637815504,0.0,0,100,100,3.0,80.0,0.0,-inf,-inf
0,0,28,0,100,100,40,0,1.5,100,19,11,70,919.4165388183224,0,919.4165388183224,419,0,419,3.0550048026465357,3.903653558905861,0,100,100,3.0,34.074,0.0,-212.82711716729895,-258.85063597228213
0,0,28,0,100,100,10,0,1.5,100,44,14,42,483.2042512530308,0,483.2042512530308,328,0,328,4.513,2.5655862383921595,0,100,100,3.0,42.55566666666667,0.0,-38.23942530681151,-48.5381098380484
0,0,28,0,100,100,80,0,1.5,100,77,4,19,377.2997616911071,0,377.2997616911071,193,0,193,0.5084044505777218,1.1645113278642398,0,100,100,3.0,63.505500000000005,0.0,4.314752339723981,-89.71103184825665
0,0,30,0,100,100,40,0,1.5,100,22,7,71,811.5065522360272,0,811.5065522360272,430,0,430,3.296273189057378,3.833658888601844,0,100,100,3.0,26.832,0.0,-142.83035115345308,-187.1992684172237
0,0,29,0,100,100,80,0,1.5,100,14,7,79,778.3566751033578,0,778.3566751033578,434,0,434,2.4732954189249217,4.198984653799798,0,100,100,3.0,30.429666666666662,0.0,-3580.3286006375547,-4203.222780036496
0,0,30,0,100,100,20,0,1.5,100,12,3,85,626.7358280765808,0,626.7358280765808,428,0,428,4.2516353234376885,4.36524423818152,0,100,100,3.0,27.623500000000003,0.0,-151.05866404198707,-344.21923743695896
0,0,29,0,100,100,40,0,1.5,100,41,6,53,585.4770519320621,0,585.4770519320621,374,0,374,2.781362521218832,2.9568172969738664,0,100,100,3.0,38.992666666666665,0.0,-67.31031162927266,-105.5628408694765
0,0,30,0,100,100,80,0,1.5,100,47,6,47,463.4130412635205,0,463.4130412635205,329,0,329,2.275810968709848,2.6913968354617905,0,100,100,3.0,40.67166666666667,0.0,-9.263597735701184,-75.36087982585394
0,0,30,0,100,100,10,0,1.5,100,99,0,1,18.664233020315635,0,18.664233020315635,16,0,16,0.0,0.0521,0,100,100,3.0,76.36333333333334,0.0,-49.31504710969628,-309.6022950210407
0,0,29,0,100,100,100,0,1.5,100,75,4,21,251.8343546135227,0,251.8343546135227,167,0,167,0.6286695772580488,1.2503099433878466,0,100,100,3.0,61.38483333333333,0.0,-2.8634198161872177,-56.82499001010149
0,0,30,0,100,100,100,0,1.5,100,85,4,11,126.83159611924914,0,126.83159611924914,94,0,94,0.4279347694689164,0.7439886495376581,0,100,100,3.0,68.86583333333334,0.0,9.76437244452032,-84.3652453360288
